name,category_slug,price,mrp,unit,stock,image_url,description
"Premium Fresh Organic Tomatoes #1","fruits-vegetables",35,42,"1 kg",50,"https://images.unsplash.com/photo-1592924357228-91a4daadcfea?w=500","Enjoy fresh Premium Fresh Organic Tomatoes #1. High quality grocery product delivered directly to your doorstep by Vrindavan Mart."
"Premium Farm Fresh White Eggs #2","dairy-eggs",47,56,"6 pcs",51,"https://images.unsplash.com/photo-1582722872445-44dc5f7e3c8f?w=500","Enjoy fresh Premium Farm Fresh White Eggs #2. High quality grocery product delivered directly to your doorstep by Vrindavan Mart."
"Premium Double Choco Chip Muffin #3","bakery",120,144,"4 pcs",52,"https://images.unsplash.com/photo-1607958996333-41aef7caefaa?w=500","Enjoy fresh Premium Double Choco Chip Muffin #3. High quality grocery product delivered directly to your doorstep by Vrindavan Mart."
"Premium Rich Dark Roast Coffee #4","beverages",255,306,"200 g",53,"https://images.unsplash.com/photo-1610889556528-9a770e32642f?w=500","Enjoy fresh Premium Rich Dark Roast Coffee #4. High quality grocery product delivered directly to your doorstep by Vrindavan Mart."
"Organic Crispy Salted Potato Chips #5","snacks",40,48,"90 g",54,"https://images.unsplash.com/photo-1566478989037-eec170784d0b?w=500","Enjoy fresh Organic Crispy Salted Potato Chips #5. High quality grocery product delivered directly to your doorstep by Vrindavan Mart."
"Organic Chakki Fresh Whole Wheat Atta #6","staples-grains",250,300,"5 kg",55,"https://images.unsplash.com/photo-1509440159596-0249088772ff?w=500","Enjoy fresh Organic Chakki Fresh Whole Wheat Atta #6. High quality grocery product delivered directly to your doorstep by Vrindavan Mart."
"Premium Fresh Spinach Bunch #7","fruits-vegetables",50,60,"250 g",56,"https://images.unsplash.com/photo-1576045057995-568f588f82fb?w=500","Enjoy fresh Premium Fresh Spinach Bunch #7. High quality grocery product delivered directly to your doorstep by Vrindavan Mart."
"Organic Farm Fresh White Eggs #8","dairy-eggs",77,92,"6 pcs",57,"https://images.unsplash.com/photo-1582722872445-44dc5f7e3c8f?w=500","Enjoy fresh Organic Farm Fresh White Eggs #8. High quality grocery product delivered directly to your doorstep by Vrindavan Mart."
"Select 100% Whole Wheat Bread #9","bakery",85,102,"400 g",58,"https://images.unsplash.com/photo-1509440159596-0249088772ff?w=500","Enjoy fresh Select 100% Whole Wheat Bread #9. High quality grocery product delivered directly to your doorstep by Vrindavan Mart."
"Select Classic Green Tea Bags #10","beverages",220,264,"25 bags",59,"https://images.unsplash.com/photo-1627435601361-ec25f5b1d0e5?w=500","Enjoy fresh Select Classic Green Tea Bags #10. High quality grocery product delivered directly to your doorstep by Vrindavan Mart."
"Select Butter Choco Chip Cookies #11","snacks",100,120,"150 g",60,"https://images.unsplash.com/photo-1499636136210-6f4ee915583e?w=500","Enjoy fresh Select Butter Choco Chip Cookies #11. High quality grocery product delivered directly to your doorstep by Vrindavan Mart."
"Select Refined Sunflower Oil Pouch #12","staples-grains",190,228,"1 L",61,"https://images.unsplash.com/photo-1474979266404-7eaacbcd87c5?w=500","Enjoy fresh Select Refined Sunflower Oil Pouch #12. High quality grocery product delivered directly to your doorstep by Vrindavan Mart."
"Organic Crisp Shimla Apples #13","fruits-vegetables",220,264,"1 kg",62,"https://images.unsplash.com/photo-1560806887-1e4cd0b6cbd6?w=500","Enjoy fresh Organic Crisp Shimla Apples #13. High quality grocery product delivered directly to your doorstep by Vrindavan Mart."
"Select Farm Fresh White Eggs #14","dairy-eggs",107,128,"6 pcs",63,"https://images.unsplash.com/photo-1582722872445-44dc5f7e3c8f?w=500","Enjoy fresh Select Farm Fresh White Eggs #14. High quality grocery product delivered directly to your doorstep by Vrindavan Mart."
"Fresh Double Choco Chip Muffin #15","bakery",180,216,"4 pcs",64,"https://images.unsplash.com/photo-1607958996333-41aef7caefaa?w=500","Enjoy fresh Fresh Double Choco Chip Muffin #15. High quality grocery product delivered directly to your doorstep by Vrindavan Mart."
"Fresh Rich Dark Roast Coffee #16","beverages",240,288,"200 g",65,"https://images.unsplash.com/photo-1610889556528-9a770e32642f?w=500","Enjoy fresh Fresh Rich Dark Roast Coffee #16. High quality grocery product delivered directly to your doorstep by Vrindavan Mart."
"Special Crispy Salted Potato Chips #17","snacks",25,30,"90 g",66,"https://images.unsplash.com/photo-1566478989037-eec170784d0b?w=500","Enjoy fresh Special Crispy Salted Potato Chips #17. High quality grocery product delivered directly to your doorstep by Vrindavan Mart."
"Special Chakki Fresh Whole Wheat Atta #18","staples-grains",235,282,"5 kg",67,"https://images.unsplash.com/photo-1509440159596-0249088772ff?w=500","Enjoy fresh Special Chakki Fresh Whole Wheat Atta #18. High quality grocery product delivered directly to your doorstep by Vrindavan Mart."
"Organic Green Broccoli #19","fruits-vegetables",80,96,"1 pc",68,"https://images.unsplash.com/photo-1459411621453-7b03977f4bfc?w=500","Enjoy fresh Organic Green Broccoli #19. High quality grocery product delivered directly to your doorstep by Vrindavan Mart."
"Fresh Farm Fresh White Eggs #20","dairy-eggs",62,74,"6 pcs",69,"https://images.unsplash.com/photo-1582722872445-44dc5f7e3c8f?w=500","Enjoy fresh Fresh Farm Fresh White Eggs #20. High quality grocery product delivered directly to your doorstep by Vrindavan Mart."
"Deluxe 100% Whole Wheat Bread #21","bakery",70,84,"400 g",70,"https://images.unsplash.com/photo-1509440159596-0249088772ff?w=500","Enjoy fresh Deluxe 100% Whole Wheat Bread #21. High quality grocery product delivered directly to your doorstep by Vrindavan Mart."
"Deluxe Classic Green Tea Bags #22","beverages",205,246,"25 bags",71,"https://images.unsplash.com/photo-1627435601361-ec25f5b1d0e5?w=500","Enjoy fresh Deluxe Classic Green Tea Bags #22. High quality grocery product delivered directly to your doorstep by Vrindavan Mart."
"Deluxe Butter Choco Chip Cookies #23","snacks",85,102,"150 g",72,"https://images.unsplash.com/photo-1499636136210-6f4ee915583e?w=500","Enjoy fresh Deluxe Butter Choco Chip Cookies #23. High quality grocery product delivered directly to your doorstep by Vrindavan Mart."
"Deluxe Refined Sunflower Oil Pouch #24","staples-grains",175,210,"1 L",73,"https://images.unsplash.com/photo-1474979266404-7eaacbcd87c5?w=500","Enjoy fresh Deluxe Refined Sunflower Oil Pouch #24. High quality grocery product delivered directly to your doorstep by Vrindavan Mart."
"Select New Crop Potatoes #25","fruits-vegetables",69,83,"1 kg",74,"https://images.unsplash.com/photo-1518977676601-b53f82aba655?w=500","Enjoy fresh Select New Crop Potatoes #25. High quality grocery product delivered directly to your doorstep by Vrindavan Mart."
"Special Farm Fresh White Eggs #26","dairy-eggs",92,110,"6 pcs",75,"https://images.unsplash.com/photo-1582722872445-44dc5f7e3c8f?w=500","Enjoy fresh Special Farm Fresh White Eggs #26. High quality grocery product delivered directly to your doorstep by Vrindavan Mart."
"Classic Double Choco Chip Muffin #27","bakery",165,198,"4 pcs",76,"https://images.unsplash.com/photo-1607958996333-41aef7caefaa?w=500","Enjoy fresh Classic Double Choco Chip Muffin #27. High quality grocery product delivered directly to your doorstep by Vrindavan Mart."
"Classic Rich Dark Roast Coffee #28","beverages",300,360,"200 g",77,"https://images.unsplash.com/photo-1610889556528-9a770e32642f?w=500","Enjoy fresh Classic Rich Dark Roast Coffee #28. High quality grocery product delivered directly to your doorstep by Vrindavan Mart."
"Handpicked Crispy Salted Potato Chips #29","snacks",85,102,"90 g",78,"https://images.unsplash.com/photo-1566478989037-eec170784d0b?w=500","Enjoy fresh Handpicked Crispy Salted Potato Chips #29. High quality grocery product delivered directly to your doorstep by Vrindavan Mart."
"Handpicked Chakki Fresh Whole Wheat Atta #30","staples-grains",295,354,"5 kg",79,"https://images.unsplash.com/photo-1509440159596-0249088772ff?w=500","Enjoy fresh Handpicked Chakki Fresh Whole Wheat Atta #30. High quality grocery product delivered directly to your doorstep by Vrindavan Mart."
"Fresh Fresh Organic Tomatoes #31","fruits-vegetables",35,42,"1 kg",80,"https://images.unsplash.com/photo-1592924357228-91a4daadcfea?w=500","Enjoy fresh Fresh Fresh Organic Tomatoes #31. High quality grocery product delivered directly to your doorstep by Vrindavan Mart."
"Deluxe Farm Fresh White Eggs #32","dairy-eggs",47,56,"6 pcs",81,"https://images.unsplash.com/photo-1582722872445-44dc5f7e3c8f?w=500","Enjoy fresh Deluxe Farm Fresh White Eggs #32. High quality grocery product delivered directly to your doorstep by Vrindavan Mart."
"Natural 100% Whole Wheat Bread #33","bakery",55,66,"400 g",82,"https://images.unsplash.com/photo-1509440159596-0249088772ff?w=500","Enjoy fresh Natural 100% Whole Wheat Bread #33. High quality grocery product delivered directly to your doorstep by Vrindavan Mart."
"Natural Classic Green Tea Bags #34","beverages",190,228,"25 bags",83,"https://images.unsplash.com/photo-1627435601361-ec25f5b1d0e5?w=500","Enjoy fresh Natural Classic Green Tea Bags #34. High quality grocery product delivered directly to your doorstep by Vrindavan Mart."
"Natural Butter Choco Chip Cookies #35","snacks",70,84,"150 g",84,"https://images.unsplash.com/photo-1499636136210-6f4ee915583e?w=500","Enjoy fresh Natural Butter Choco Chip Cookies #35. High quality grocery product delivered directly to your doorstep by Vrindavan Mart."
"Natural Refined Sunflower Oil Pouch #36","staples-grains",160,192,"1 L",85,"https://images.unsplash.com/photo-1474979266404-7eaacbcd87c5?w=500","Enjoy fresh Natural Refined Sunflower Oil Pouch #36. High quality grocery product delivered directly to your doorstep by Vrindavan Mart."
"Fresh Fresh Spinach Bunch #37","fruits-vegetables",50,60,"250 g",86,"https://images.unsplash.com/photo-1576045057995-568f588f82fb?w=500","Enjoy fresh Fresh Fresh Spinach Bunch #37. High quality grocery product delivered directly to your doorstep by Vrindavan Mart."
"Classic Farm Fresh White Eggs #38","dairy-eggs",77,92,"6 pcs",87,"https://images.unsplash.com/photo-1582722872445-44dc5f7e3c8f?w=500","Enjoy fresh Classic Farm Fresh White Eggs #38. High quality grocery product delivered directly to your doorstep by Vrindavan Mart."
"Daily Double Choco Chip Muffin #39","bakery",150,180,"4 pcs",88,"https://images.unsplash.com/photo-1607958996333-41aef7caefaa?w=500","Enjoy fresh Daily Double Choco Chip Muffin #39. High quality grocery product delivered directly to your doorstep by Vrindavan Mart."
"Daily Rich Dark Roast Coffee #40","beverages",285,342,"200 g",89,"https://images.unsplash.com/photo-1610889556528-9a770e32642f?w=500","Enjoy fresh Daily Rich Dark Roast Coffee #40. High quality grocery product delivered directly to your doorstep by Vrindavan Mart."
"Value Pack Crispy Salted Potato Chips #41","snacks",70,84,"90 g",90,"https://images.unsplash.com/photo-1566478989037-eec170784d0b?w=500","Enjoy fresh Value Pack Crispy Salted Potato Chips #41. High quality grocery product delivered directly to your doorstep by Vrindavan Mart."
"Value Pack Chakki Fresh Whole Wheat Atta #42","staples-grains",280,336,"5 kg",91,"https://images.unsplash.com/photo-1509440159596-0249088772ff?w=500","Enjoy fresh Value Pack Chakki Fresh Whole Wheat Atta #42. High quality grocery product delivered directly to your doorstep by Vrindavan Mart."
"Special Crisp Shimla Apples #43","fruits-vegetables",220,264,"1 kg",92,"https://images.unsplash.com/photo-1560806887-1e4cd0b6cbd6?w=500","Enjoy fresh Special Crisp Shimla Apples #43. High quality grocery product delivered directly to your doorstep by Vrindavan Mart."
"Handpicked Farm Fresh White Eggs #44","dairy-eggs",107,128,"6 pcs",93,"https://images.unsplash.com/photo-1582722872445-44dc5f7e3c8f?w=500","Enjoy fresh Handpicked Farm Fresh White Eggs #44. High quality grocery product delivered directly to your doorstep by Vrindavan Mart."
"Super Saver 100% Whole Wheat Bread #45","bakery",115,138,"400 g",94,"https://images.unsplash.com/photo-1509440159596-0249088772ff?w=500","Enjoy fresh Super Saver 100% Whole Wheat Bread #45. High quality grocery product delivered directly to your doorstep by Vrindavan Mart."
"Super Saver Classic Green Tea Bags #46","beverages",175,210,"25 bags",95,"https://images.unsplash.com/photo-1627435601361-ec25f5b1d0e5?w=500","Enjoy fresh Super Saver Classic Green Tea Bags #46. High quality grocery product delivered directly to your doorstep by Vrindavan Mart."
"Super Saver Butter Choco Chip Cookies #47","snacks",55,66,"150 g",96,"https://images.unsplash.com/photo-1499636136210-6f4ee915583e?w=500","Enjoy fresh Super Saver Butter Choco Chip Cookies #47. High quality grocery product delivered directly to your doorstep by Vrindavan Mart."
"Super Saver Refined Sunflower Oil Pouch #48","staples-grains",145,174,"1 L",97,"https://images.unsplash.com/photo-1474979266404-7eaacbcd87c5?w=500","Enjoy fresh Super Saver Refined Sunflower Oil Pouch #48. High quality grocery product delivered directly to your doorstep by Vrindavan Mart."
"Special Green Broccoli #49","fruits-vegetables",80,96,"1 pc",98,"https://images.unsplash.com/photo-1459411621453-7b03977f4bfc?w=500","Enjoy fresh Special Green Broccoli #49. High quality grocery product delivered directly to your doorstep by Vrindavan Mart."
"Natural Farm Fresh White Eggs #50","dairy-eggs",62,74,"6 pcs",99,"https://images.unsplash.com/photo-1582722872445-44dc5f7e3c8f?w=500","Enjoy fresh Natural Farm Fresh White Eggs #50. High quality grocery product delivered directly to your doorstep by Vrindavan Mart."
"Gold Double Choco Chip Muffin #51","bakery",135,162,"4 pcs",100,"https://images.unsplash.com/photo-1607958996333-41aef7caefaa?w=500","Enjoy fresh Gold Double Choco Chip Muffin #51. High quality grocery product delivered directly to your doorstep by Vrindavan Mart."
"Gold Rich Dark Roast Coffee #52","beverages",270,324,"200 g",101,"https://images.unsplash.com/photo-1610889556528-9a770e32642f?w=500","Enjoy fresh Gold Rich Dark Roast Coffee #52. High quality grocery product delivered directly to your doorstep by Vrindavan Mart."
"Chef Edition Crispy Salted Potato Chips #53","snacks",55,66,"90 g",102,"https://images.unsplash.com/photo-1566478989037-eec170784d0b?w=500","Enjoy fresh Chef Edition Crispy Salted Potato Chips #53. High quality grocery product delivered directly to your doorstep by Vrindavan Mart."
"Chef Edition Chakki Fresh Whole Wheat Atta #54","staples-grains",265,318,"5 kg",103,"https://images.unsplash.com/photo-1509440159596-0249088772ff?w=500","Enjoy fresh Chef Edition Chakki Fresh Whole Wheat Atta #54. High quality grocery product delivered directly to your doorstep by Vrindavan Mart."
"Deluxe New Crop Potatoes #55","fruits-vegetables",69,83,"1 kg",104,"https://images.unsplash.com/photo-1518977676601-b53f82aba655?w=500","Enjoy fresh Deluxe New Crop Potatoes #55. High quality grocery product delivered directly to your doorstep by Vrindavan Mart."
"Daily Farm Fresh White Eggs #56","dairy-eggs",92,110,"6 pcs",105,"https://images.unsplash.com/photo-1582722872445-44dc5f7e3c8f?w=500","Enjoy fresh Daily Farm Fresh White Eggs #56. High quality grocery product delivered directly to your doorstep by Vrindavan Mart."
"Local Sourced 100% Whole Wheat Bread #57","bakery",100,120,"400 g",106,"https://images.unsplash.com/photo-1509440159596-0249088772ff?w=500","Enjoy fresh Local Sourced 100% Whole Wheat Bread #57. High quality grocery product delivered directly to your doorstep by Vrindavan Mart."
"Local Sourced Classic Green Tea Bags #58","beverages",235,282,"25 bags",107,"https://images.unsplash.com/photo-1627435601361-ec25f5b1d0e5?w=500","Enjoy fresh Local Sourced Classic Green Tea Bags #58. High quality grocery product delivered directly to your doorstep by Vrindavan Mart."
"Local Sourced Butter Choco Chip Cookies #59","snacks",115,138,"150 g",108,"https://images.unsplash.com/photo-1499636136210-6f4ee915583e?w=500","Enjoy fresh Local Sourced Butter Choco Chip Cookies #59. High quality grocery product delivered directly to your doorstep by Vrindavan Mart."
"Local Sourced Refined Sunflower Oil Pouch #60","staples-grains",205,246,"1 L",109,"https://images.unsplash.com/photo-1474979266404-7eaacbcd87c5?w=500","Enjoy fresh Local Sourced Refined Sunflower Oil Pouch #60. High quality grocery product delivered directly to your doorstep by Vrindavan Mart."
"Classic Fresh Organic Tomatoes #61","fruits-vegetables",35,42,"1 kg",110,"https://images.unsplash.com/photo-1592924357228-91a4daadcfea?w=500","Enjoy fresh Classic Fresh Organic Tomatoes #61. High quality grocery product delivered directly to your doorstep by Vrindavan Mart."
"Value Pack Farm Fresh White Eggs #62","dairy-eggs",47,56,"6 pcs",111,"https://images.unsplash.com/photo-1582722872445-44dc5f7e3c8f?w=500","Enjoy fresh Value Pack Farm Fresh White Eggs #62. High quality grocery product delivered directly to your doorstep by Vrindavan Mart."
"Farm Fresh Double Choco Chip Muffin #63","bakery",120,144,"4 pcs",112,"https://images.unsplash.com/photo-1607958996333-41aef7caefaa?w=500","Enjoy fresh Farm Fresh Double Choco Chip Muffin #63. High quality grocery product delivered directly to your doorstep by Vrindavan Mart."
"Farm Fresh Rich Dark Roast Coffee #64","beverages",255,306,"200 g",113,"https://images.unsplash.com/photo-1610889556528-9a770e32642f?w=500","Enjoy fresh Farm Fresh Rich Dark Roast Coffee #64. High quality grocery product delivered directly to your doorstep by Vrindavan Mart."
"Premium Crispy Salted Potato Chips #65","snacks",40,48,"90 g",114,"https://images.unsplash.com/photo-1566478989037-eec170784d0b?w=500","Enjoy fresh Premium Crispy Salted Potato Chips #65. High quality grocery product delivered directly to your doorstep by Vrindavan Mart."
"Premium Chakki Fresh Whole Wheat Atta #66","staples-grains",250,300,"5 kg",115,"https://images.unsplash.com/photo-1509440159596-0249088772ff?w=500","Enjoy fresh Premium Chakki Fresh Whole Wheat Atta #66. High quality grocery product delivered directly to your doorstep by Vrindavan Mart."
"Classic Fresh Spinach Bunch #67","fruits-vegetables",50,60,"250 g",116,"https://images.unsplash.com/photo-1576045057995-568f588f82fb?w=500","Enjoy fresh Classic Fresh Spinach Bunch #67. High quality grocery product delivered directly to your doorstep by Vrindavan Mart."
"Super Saver Farm Fresh White Eggs #68","dairy-eggs",77,92,"6 pcs",117,"https://images.unsplash.com/photo-1582722872445-44dc5f7e3c8f?w=500","Enjoy fresh Super Saver Farm Fresh White Eggs #68. High quality grocery product delivered directly to your doorstep by Vrindavan Mart."
"Organic 100% Whole Wheat Bread #69","bakery",85,102,"400 g",118,"https://images.unsplash.com/photo-1509440159596-0249088772ff?w=500","Enjoy fresh Organic 100% Whole Wheat Bread #69. High quality grocery product delivered directly to your doorstep by Vrindavan Mart."
"Organic Classic Green Tea Bags #70","beverages",220,264,"25 bags",119,"https://images.unsplash.com/photo-1627435601361-ec25f5b1d0e5?w=500","Enjoy fresh Organic Classic Green Tea Bags #70. High quality grocery product delivered directly to your doorstep by Vrindavan Mart."
"Organic Butter Choco Chip Cookies #71","snacks",100,120,"150 g",120,"https://images.unsplash.com/photo-1499636136210-6f4ee915583e?w=500","Enjoy fresh Organic Butter Choco Chip Cookies #71. High quality grocery product delivered directly to your doorstep by Vrindavan Mart."
"Organic Refined Sunflower Oil Pouch #72","staples-grains",190,228,"1 L",121,"https://images.unsplash.com/photo-1474979266404-7eaacbcd87c5?w=500","Enjoy fresh Organic Refined Sunflower Oil Pouch #72. High quality grocery product delivered directly to your doorstep by Vrindavan Mart."
"Handpicked Crisp Shimla Apples #73","fruits-vegetables",220,264,"1 kg",122,"https://images.unsplash.com/photo-1560806887-1e4cd0b6cbd6?w=500","Enjoy fresh Handpicked Crisp Shimla Apples #73. High quality grocery product delivered directly to your doorstep by Vrindavan Mart."
"Gold Farm Fresh White Eggs #74","dairy-eggs",107,128,"6 pcs",123,"https://images.unsplash.com/photo-1582722872445-44dc5f7e3c8f?w=500","Enjoy fresh Gold Farm Fresh White Eggs #74. High quality grocery product delivered directly to your doorstep by Vrindavan Mart."
"Select Double Choco Chip Muffin #75","bakery",180,216,"4 pcs",124,"https://images.unsplash.com/photo-1607958996333-41aef7caefaa?w=500","Enjoy fresh Select Double Choco Chip Muffin #75. High quality grocery product delivered directly to your doorstep by Vrindavan Mart."
"Select Rich Dark Roast Coffee #76","beverages",240,288,"200 g",125,"https://images.unsplash.com/photo-1610889556528-9a770e32642f?w=500","Enjoy fresh Select Rich Dark Roast Coffee #76. High quality grocery product delivered directly to your doorstep by Vrindavan Mart."
"Fresh Crispy Salted Potato Chips #77","snacks",25,30,"90 g",126,"https://images.unsplash.com/photo-1566478989037-eec170784d0b?w=500","Enjoy fresh Fresh Crispy Salted Potato Chips #77. High quality grocery product delivered directly to your doorstep by Vrindavan Mart."
"Fresh Chakki Fresh Whole Wheat Atta #78","staples-grains",235,282,"5 kg",127,"https://images.unsplash.com/photo-1509440159596-0249088772ff?w=500","Enjoy fresh Fresh Chakki Fresh Whole Wheat Atta #78. High quality grocery product delivered directly to your doorstep by Vrindavan Mart."
"Handpicked Green Broccoli #79","fruits-vegetables",80,96,"1 pc",128,"https://images.unsplash.com/photo-1459411621453-7b03977f4bfc?w=500","Enjoy fresh Handpicked Green Broccoli #79. High quality grocery product delivered directly to your doorstep by Vrindavan Mart."
"Chef Edition Farm Fresh White Eggs #80","dairy-eggs",62,74,"6 pcs",129,"https://images.unsplash.com/photo-1582722872445-44dc5f7e3c8f?w=500","Enjoy fresh Chef Edition Farm Fresh White Eggs #80. High quality grocery product delivered directly to your doorstep by Vrindavan Mart."
"Special 100% Whole Wheat Bread #81","bakery",70,84,"400 g",130,"https://images.unsplash.com/photo-1509440159596-0249088772ff?w=500","Enjoy fresh Special 100% Whole Wheat Bread #81. High quality grocery product delivered directly to your doorstep by Vrindavan Mart."
"Special Classic Green Tea Bags #82","beverages",205,246,"25 bags",131,"https://images.unsplash.com/photo-1627435601361-ec25f5b1d0e5?w=500","Enjoy fresh Special Classic Green Tea Bags #82. High quality grocery product delivered directly to your doorstep by Vrindavan Mart."
"Special Butter Choco Chip Cookies #83","snacks",85,102,"150 g",132,"https://images.unsplash.com/photo-1499636136210-6f4ee915583e?w=500","Enjoy fresh Special Butter Choco Chip Cookies #83. High quality grocery product delivered directly to your doorstep by Vrindavan Mart."
"Special Refined Sunflower Oil Pouch #84","staples-grains",175,210,"1 L",133,"https://images.unsplash.com/photo-1474979266404-7eaacbcd87c5?w=500","Enjoy fresh Special Refined Sunflower Oil Pouch #84. High quality grocery product delivered directly to your doorstep by Vrindavan Mart."
"Natural New Crop Potatoes #85","fruits-vegetables",69,83,"1 kg",134,"https://images.unsplash.com/photo-1518977676601-b53f82aba655?w=500","Enjoy fresh Natural New Crop Potatoes #85. High quality grocery product delivered directly to your doorstep by Vrindavan Mart."
"Local Sourced Farm Fresh White Eggs #86","dairy-eggs",92,110,"6 pcs",135,"https://images.unsplash.com/photo-1582722872445-44dc5f7e3c8f?w=500","Enjoy fresh Local Sourced Farm Fresh White Eggs #86. High quality grocery product delivered directly to your doorstep by Vrindavan Mart."
"Deluxe Double Choco Chip Muffin #87","bakery",165,198,"4 pcs",136,"https://images.unsplash.com/photo-1607958996333-41aef7caefaa?w=500","Enjoy fresh Deluxe Double Choco Chip Muffin #87. High quality grocery product delivered directly to your doorstep by Vrindavan Mart."
"Deluxe Rich Dark Roast Coffee #88","beverages",300,360,"200 g",137,"https://images.unsplash.com/photo-1610889556528-9a770e32642f?w=500","Enjoy fresh Deluxe Rich Dark Roast Coffee #88. High quality grocery product delivered directly to your doorstep by Vrindavan Mart."
"Classic Crispy Salted Potato Chips #89","snacks",85,102,"90 g",138,"https://images.unsplash.com/photo-1566478989037-eec170784d0b?w=500","Enjoy fresh Classic Crispy Salted Potato Chips #89. High quality grocery product delivered directly to your doorstep by Vrindavan Mart."
"Classic Chakki Fresh Whole Wheat Atta #90","staples-grains",295,354,"5 kg",139,"https://images.unsplash.com/photo-1509440159596-0249088772ff?w=500","Enjoy fresh Classic Chakki Fresh Whole Wheat Atta #90. High quality grocery product delivered directly to your doorstep by Vrindavan Mart."
"Daily Fresh Organic Tomatoes #91","fruits-vegetables",35,42,"1 kg",140,"https://images.unsplash.com/photo-1592924357228-91a4daadcfea?w=500","Enjoy fresh Daily Fresh Organic Tomatoes #91. High quality grocery product delivered directly to your doorstep by Vrindavan Mart."
"Farm Fresh Farm Fresh White Eggs #92","dairy-eggs",47,56,"6 pcs",141,"https://images.unsplash.com/photo-1582722872445-44dc5f7e3c8f?w=500","Enjoy fresh Farm Fresh Farm Fresh White Eggs #92. High quality grocery product delivered directly to your doorstep by Vrindavan Mart."
"Handpicked 100% Whole Wheat Bread #93","bakery",55,66,"400 g",142,"https://images.unsplash.com/photo-1509440159596-0249088772ff?w=500","Enjoy fresh Handpicked 100% Whole Wheat Bread #93. High quality grocery product delivered directly to your doorstep by Vrindavan Mart."
"Handpicked Classic Green Tea Bags #94","beverages",190,228,"25 bags",143,"https://images.unsplash.com/photo-1627435601361-ec25f5b1d0e5?w=500","Enjoy fresh Handpicked Classic Green Tea Bags #94. High quality grocery product delivered directly to your doorstep by Vrindavan Mart."
"Handpicked Butter Choco Chip Cookies #95","snacks",70,84,"150 g",144,"https://images.unsplash.com/photo-1499636136210-6f4ee915583e?w=500","Enjoy fresh Handpicked Butter Choco Chip Cookies #95. High quality grocery product delivered directly to your doorstep by Vrindavan Mart."
"Handpicked Refined Sunflower Oil Pouch #96","staples-grains",160,192,"1 L",145,"https://images.unsplash.com/photo-1474979266404-7eaacbcd87c5?w=500","Enjoy fresh Handpicked Refined Sunflower Oil Pouch #96. High quality grocery product delivered directly to your doorstep by Vrindavan Mart."
"Daily Fresh Spinach Bunch #97","fruits-vegetables",50,60,"250 g",146,"https://images.unsplash.com/photo-1576045057995-568f588f82fb?w=500","Enjoy fresh Daily Fresh Spinach Bunch #97. High quality grocery product delivered directly to your doorstep by Vrindavan Mart."
"Premium Farm Fresh White Eggs #98","dairy-eggs",77,92,"6 pcs",147,"https://images.unsplash.com/photo-1582722872445-44dc5f7e3c8f?w=500","Enjoy fresh Premium Farm Fresh White Eggs #98. High quality grocery product delivered directly to your doorstep by Vrindavan Mart."
"Natural Double Choco Chip Muffin #99","bakery",150,180,"4 pcs",148,"https://images.unsplash.com/photo-1607958996333-41aef7caefaa?w=500","Enjoy fresh Natural Double Choco Chip Muffin #99. High quality grocery product delivered directly to your doorstep by Vrindavan Mart."
"Natural Rich Dark Roast Coffee #100","beverages",285,342,"200 g",149,"https://images.unsplash.com/photo-1610889556528-9a770e32642f?w=500","Enjoy fresh Natural Rich Dark Roast Coffee #100. High quality grocery product delivered directly to your doorstep by Vrindavan Mart."
"Daily Crispy Salted Potato Chips #101","snacks",70,84,"90 g",150,"https://images.unsplash.com/photo-1566478989037-eec170784d0b?w=500","Enjoy fresh Daily Crispy Salted Potato Chips #101. High quality grocery product delivered directly to your doorstep by Vrindavan Mart."
"Daily Chakki Fresh Whole Wheat Atta #102","staples-grains",280,336,"5 kg",151,"https://images.unsplash.com/photo-1509440159596-0249088772ff?w=500","Enjoy fresh Daily Chakki Fresh Whole Wheat Atta #102. High quality grocery product delivered directly to your doorstep by Vrindavan Mart."
"Value Pack Crisp Shimla Apples #103","fruits-vegetables",220,264,"1 kg",152,"https://images.unsplash.com/photo-1560806887-1e4cd0b6cbd6?w=500","Enjoy fresh Value Pack Crisp Shimla Apples #103. High quality grocery product delivered directly to your doorstep by Vrindavan Mart."
"Organic Farm Fresh White Eggs #104","dairy-eggs",107,128,"6 pcs",153,"https://images.unsplash.com/photo-1582722872445-44dc5f7e3c8f?w=500","Enjoy fresh Organic Farm Fresh White Eggs #104. High quality grocery product delivered directly to your doorstep by Vrindavan Mart."
"Value Pack 100% Whole Wheat Bread #105","bakery",115,138,"400 g",154,"https://images.unsplash.com/photo-1509440159596-0249088772ff?w=500","Enjoy fresh Value Pack 100% Whole Wheat Bread #105. High quality grocery product delivered directly to your doorstep by Vrindavan Mart."
"Value Pack Classic Green Tea Bags #106","beverages",175,210,"25 bags",155,"https://images.unsplash.com/photo-1627435601361-ec25f5b1d0e5?w=500","Enjoy fresh Value Pack Classic Green Tea Bags #106. High quality grocery product delivered directly to your doorstep by Vrindavan Mart."
"Value Pack Butter Choco Chip Cookies #107","snacks",55,66,"150 g",156,"https://images.unsplash.com/photo-1499636136210-6f4ee915583e?w=500","Enjoy fresh Value Pack Butter Choco Chip Cookies #107. High quality grocery product delivered directly to your doorstep by Vrindavan Mart."
"Value Pack Refined Sunflower Oil Pouch #108","staples-grains",145,174,"1 L",157,"https://images.unsplash.com/photo-1474979266404-7eaacbcd87c5?w=500","Enjoy fresh Value Pack Refined Sunflower Oil Pouch #108. High quality grocery product delivered directly to your doorstep by Vrindavan Mart."
"Value Pack Green Broccoli #109","fruits-vegetables",80,96,"1 pc",158,"https://images.unsplash.com/photo-1459411621453-7b03977f4bfc?w=500","Enjoy fresh Value Pack Green Broccoli #109. High quality grocery product delivered directly to your doorstep by Vrindavan Mart."
"Select Farm Fresh White Eggs #110","dairy-eggs",62,74,"6 pcs",159,"https://images.unsplash.com/photo-1582722872445-44dc5f7e3c8f?w=500","Enjoy fresh Select Farm Fresh White Eggs #110. High quality grocery product delivered directly to your doorstep by Vrindavan Mart."
"Super Saver Double Choco Chip Muffin #111","bakery",135,162,"4 pcs",160,"https://images.unsplash.com/photo-1607958996333-41aef7caefaa?w=500","Enjoy fresh Super Saver Double Choco Chip Muffin #111. High quality grocery product delivered directly to your doorstep by Vrindavan Mart."
"Super Saver Rich Dark Roast Coffee #112","beverages",270,324,"200 g",161,"https://images.unsplash.com/photo-1610889556528-9a770e32642f?w=500","Enjoy fresh Super Saver Rich Dark Roast Coffee #112. High quality grocery product delivered directly to your doorstep by Vrindavan Mart."
"Gold Crispy Salted Potato Chips #113","snacks",55,66,"90 g",162,"https://images.unsplash.com/photo-1566478989037-eec170784d0b?w=500","Enjoy fresh Gold Crispy Salted Potato Chips #113. High quality grocery product delivered directly to your doorstep by Vrindavan Mart."
"Gold Chakki Fresh Whole Wheat Atta #114","staples-grains",265,318,"5 kg",163,"https://images.unsplash.com/photo-1509440159596-0249088772ff?w=500","Enjoy fresh Gold Chakki Fresh Whole Wheat Atta #114. High quality grocery product delivered directly to your doorstep by Vrindavan Mart."
"Super Saver New Crop Potatoes #115","fruits-vegetables",69,83,"1 kg",164,"https://images.unsplash.com/photo-1518977676601-b53f82aba655?w=500","Enjoy fresh Super Saver New Crop Potatoes #115. High quality grocery product delivered directly to your doorstep by Vrindavan Mart."
"Fresh Farm Fresh White Eggs #116","dairy-eggs",92,110,"6 pcs",165,"https://images.unsplash.com/photo-1582722872445-44dc5f7e3c8f?w=500","Enjoy fresh Fresh Farm Fresh White Eggs #116. High quality grocery product delivered directly to your doorstep by Vrindavan Mart."
"Chef Edition 100% Whole Wheat Bread #117","bakery",100,120,"400 g",166,"https://images.unsplash.com/photo-1509440159596-0249088772ff?w=500","Enjoy fresh Chef Edition 100% Whole Wheat Bread #117. High quality grocery product delivered directly to your doorstep by Vrindavan Mart."
"Chef Edition Classic Green Tea Bags #118","beverages",235,282,"25 bags",167,"https://images.unsplash.com/photo-1627435601361-ec25f5b1d0e5?w=500","Enjoy fresh Chef Edition Classic Green Tea Bags #118. High quality grocery product delivered directly to your doorstep by Vrindavan Mart."
"Chef Edition Butter Choco Chip Cookies #119","snacks",115,138,"150 g",168,"https://images.unsplash.com/photo-1499636136210-6f4ee915583e?w=500","Enjoy fresh Chef Edition Butter Choco Chip Cookies #119. High quality grocery product delivered directly to your doorstep by Vrindavan Mart."
"Chef Edition Refined Sunflower Oil Pouch #120","staples-grains",205,246,"1 L",169,"https://images.unsplash.com/photo-1474979266404-7eaacbcd87c5?w=500","Enjoy fresh Chef Edition Refined Sunflower Oil Pouch #120. High quality grocery product delivered directly to your doorstep by Vrindavan Mart."
"Gold Fresh Organic Tomatoes #121","fruits-vegetables",35,42,"1 kg",170,"https://images.unsplash.com/photo-1592924357228-91a4daadcfea?w=500","Enjoy fresh Gold Fresh Organic Tomatoes #121. High quality grocery product delivered directly to your doorstep by Vrindavan Mart."
"Special Farm Fresh White Eggs #122","dairy-eggs",47,56,"6 pcs",171,"https://images.unsplash.com/photo-1582722872445-44dc5f7e3c8f?w=500","Enjoy fresh Special Farm Fresh White Eggs #122. High quality grocery product delivered directly to your doorstep by Vrindavan Mart."
"Local Sourced Double Choco Chip Muffin #123","bakery",120,144,"4 pcs",172,"https://images.unsplash.com/photo-1607958996333-41aef7caefaa?w=500","Enjoy fresh Local Sourced Double Choco Chip Muffin #123. High quality grocery product delivered directly to your doorstep by Vrindavan Mart."
"Local Sourced Rich Dark Roast Coffee #124","beverages",255,306,"200 g",173,"https://images.unsplash.com/photo-1610889556528-9a770e32642f?w=500","Enjoy fresh Local Sourced Rich Dark Roast Coffee #124. High quality grocery product delivered directly to your doorstep by Vrindavan Mart."
"Farm Fresh Crispy Salted Potato Chips #125","snacks",40,48,"90 g",174,"https://images.unsplash.com/photo-1566478989037-eec170784d0b?w=500","Enjoy fresh Farm Fresh Crispy Salted Potato Chips #125. High quality grocery product delivered directly to your doorstep by Vrindavan Mart."
"Farm Fresh Chakki Fresh Whole Wheat Atta #126","staples-grains",250,300,"5 kg",175,"https://images.unsplash.com/photo-1509440159596-0249088772ff?w=500","Enjoy fresh Farm Fresh Chakki Fresh Whole Wheat Atta #126. High quality grocery product delivered directly to your doorstep by Vrindavan Mart."
"Gold Fresh Spinach Bunch #127","fruits-vegetables",50,60,"250 g",176,"https://images.unsplash.com/photo-1576045057995-568f588f82fb?w=500","Enjoy fresh Gold Fresh Spinach Bunch #127. High quality grocery product delivered directly to your doorstep by Vrindavan Mart."
"Deluxe Farm Fresh White Eggs #128","dairy-eggs",77,92,"6 pcs",177,"https://images.unsplash.com/photo-1582722872445-44dc5f7e3c8f?w=500","Enjoy fresh Deluxe Farm Fresh White Eggs #128. High quality grocery product delivered directly to your doorstep by Vrindavan Mart."
"Premium 100% Whole Wheat Bread #129","bakery",85,102,"400 g",178,"https://images.unsplash.com/photo-1509440159596-0249088772ff?w=500","Enjoy fresh Premium 100% Whole Wheat Bread #129. High quality grocery product delivered directly to your doorstep by Vrindavan Mart."
"Premium Classic Green Tea Bags #130","beverages",220,264,"25 bags",179,"https://images.unsplash.com/photo-1627435601361-ec25f5b1d0e5?w=500","Enjoy fresh Premium Classic Green Tea Bags #130. High quality grocery product delivered directly to your doorstep by Vrindavan Mart."
"Premium Butter Choco Chip Cookies #131","snacks",100,120,"150 g",180,"https://images.unsplash.com/photo-1499636136210-6f4ee915583e?w=500","Enjoy fresh Premium Butter Choco Chip Cookies #131. High quality grocery product delivered directly to your doorstep by Vrindavan Mart."
"Premium Refined Sunflower Oil Pouch #132","staples-grains",190,228,"1 L",181,"https://images.unsplash.com/photo-1474979266404-7eaacbcd87c5?w=500","Enjoy fresh Premium Refined Sunflower Oil Pouch #132. High quality grocery product delivered directly to your doorstep by Vrindavan Mart."
"Chef Edition Crisp Shimla Apples #133","fruits-vegetables",220,264,"1 kg",182,"https://images.unsplash.com/photo-1560806887-1e4cd0b6cbd6?w=500","Enjoy fresh Chef Edition Crisp Shimla Apples #133. High quality grocery product delivered directly to your doorstep by Vrindavan Mart."
"Classic Farm Fresh White Eggs #134","dairy-eggs",107,128,"6 pcs",183,"https://images.unsplash.com/photo-1582722872445-44dc5f7e3c8f?w=500","Enjoy fresh Classic Farm Fresh White Eggs #134. High quality grocery product delivered directly to your doorstep by Vrindavan Mart."
"Organic Double Choco Chip Muffin #135","bakery",180,216,"4 pcs",184,"https://images.unsplash.com/photo-1607958996333-41aef7caefaa?w=500","Enjoy fresh Organic Double Choco Chip Muffin #135. High quality grocery product delivered directly to your doorstep by Vrindavan Mart."
"Organic Rich Dark Roast Coffee #136","beverages",240,288,"200 g",185,"https://images.unsplash.com/photo-1610889556528-9a770e32642f?w=500","Enjoy fresh Organic Rich Dark Roast Coffee #136. High quality grocery product delivered directly to your doorstep by Vrindavan Mart."
"Select Crispy Salted Potato Chips #137","snacks",25,30,"90 g",186,"https://images.unsplash.com/photo-1566478989037-eec170784d0b?w=500","Enjoy fresh Select Crispy Salted Potato Chips #137. High quality grocery product delivered directly to your doorstep by Vrindavan Mart."
"Select Chakki Fresh Whole Wheat Atta #138","staples-grains",235,282,"5 kg",187,"https://images.unsplash.com/photo-1509440159596-0249088772ff?w=500","Enjoy fresh Select Chakki Fresh Whole Wheat Atta #138. High quality grocery product delivered directly to your doorstep by Vrindavan Mart."
"Chef Edition Green Broccoli #139","fruits-vegetables",80,96,"1 pc",188,"https://images.unsplash.com/photo-1459411621453-7b03977f4bfc?w=500","Enjoy fresh Chef Edition Green Broccoli #139. High quality grocery product delivered directly to your doorstep by Vrindavan Mart."
"Handpicked Farm Fresh White Eggs #140","dairy-eggs",62,74,"6 pcs",189,"https://images.unsplash.com/photo-1582722872445-44dc5f7e3c8f?w=500","Enjoy fresh Handpicked Farm Fresh White Eggs #140. High quality grocery product delivered directly to your doorstep by Vrindavan Mart."
"Fresh 100% Whole Wheat Bread #141","bakery",70,84,"400 g",190,"https://images.unsplash.com/photo-1509440159596-0249088772ff?w=500","Enjoy fresh Fresh 100% Whole Wheat Bread #141. High quality grocery product delivered directly to your doorstep by Vrindavan Mart."
"Fresh Classic Green Tea Bags #142","beverages",205,246,"25 bags",191,"https://images.unsplash.com/photo-1627435601361-ec25f5b1d0e5?w=500","Enjoy fresh Fresh Classic Green Tea Bags #142. High quality grocery product delivered directly to your doorstep by Vrindavan Mart."
"Fresh Butter Choco Chip Cookies #143","snacks",85,102,"150 g",192,"https://images.unsplash.com/photo-1499636136210-6f4ee915583e?w=500","Enjoy fresh Fresh Butter Choco Chip Cookies #143. High quality grocery product delivered directly to your doorstep by Vrindavan Mart."
"Fresh Refined Sunflower Oil Pouch #144","staples-grains",175,210,"1 L",193,"https://images.unsplash.com/photo-1474979266404-7eaacbcd87c5?w=500","Enjoy fresh Fresh Refined Sunflower Oil Pouch #144. High quality grocery product delivered directly to your doorstep by Vrindavan Mart."
"Local Sourced New Crop Potatoes #145","fruits-vegetables",69,83,"1 kg",194,"https://images.unsplash.com/photo-1518977676601-b53f82aba655?w=500","Enjoy fresh Local Sourced New Crop Potatoes #145. High quality grocery product delivered directly to your doorstep by Vrindavan Mart."
"Natural Farm Fresh White Eggs #146","dairy-eggs",92,110,"6 pcs",195,"https://images.unsplash.com/photo-1582722872445-44dc5f7e3c8f?w=500","Enjoy fresh Natural Farm Fresh White Eggs #146. High quality grocery product delivered directly to your doorstep by Vrindavan Mart."
"Special Double Choco Chip Muffin #147","bakery",165,198,"4 pcs",196,"https://images.unsplash.com/photo-1607958996333-41aef7caefaa?w=500","Enjoy fresh Special Double Choco Chip Muffin #147. High quality grocery product delivered directly to your doorstep by Vrindavan Mart."
"Special Rich Dark Roast Coffee #148","beverages",300,360,"200 g",197,"https://images.unsplash.com/photo-1610889556528-9a770e32642f?w=500","Enjoy fresh Special Rich Dark Roast Coffee #148. High quality grocery product delivered directly to your doorstep by Vrindavan Mart."
"Deluxe Crispy Salted Potato Chips #149","snacks",85,102,"90 g",198,"https://images.unsplash.com/photo-1566478989037-eec170784d0b?w=500","Enjoy fresh Deluxe Crispy Salted Potato Chips #149. High quality grocery product delivered directly to your doorstep by Vrindavan Mart."
"Deluxe Chakki Fresh Whole Wheat Atta #150","staples-grains",295,354,"5 kg",199,"https://images.unsplash.com/photo-1509440159596-0249088772ff?w=500","Enjoy fresh Deluxe Chakki Fresh Whole Wheat Atta #150. High quality grocery product delivered directly to your doorstep by Vrindavan Mart."
"Farm Fresh Fresh Organic Tomatoes #151","fruits-vegetables",35,42,"1 kg",50,"https://images.unsplash.com/photo-1592924357228-91a4daadcfea?w=500","Enjoy fresh Farm Fresh Fresh Organic Tomatoes #151. High quality grocery product delivered directly to your doorstep by Vrindavan Mart."
"Daily Farm Fresh White Eggs #152","dairy-eggs",47,56,"6 pcs",51,"https://images.unsplash.com/photo-1582722872445-44dc5f7e3c8f?w=500","Enjoy fresh Daily Farm Fresh White Eggs #152. High quality grocery product delivered directly to your doorstep by Vrindavan Mart."
"Classic 100% Whole Wheat Bread #153","bakery",55,66,"400 g",52,"https://images.unsplash.com/photo-1509440159596-0249088772ff?w=500","Enjoy fresh Classic 100% Whole Wheat Bread #153. High quality grocery product delivered directly to your doorstep by Vrindavan Mart."
"Classic Classic Green Tea Bags #154","beverages",190,228,"25 bags",53,"https://images.unsplash.com/photo-1627435601361-ec25f5b1d0e5?w=500","Enjoy fresh Classic Classic Green Tea Bags #154. High quality grocery product delivered directly to your doorstep by Vrindavan Mart."
"Classic Butter Choco Chip Cookies #155","snacks",70,84,"150 g",54,"https://images.unsplash.com/photo-1499636136210-6f4ee915583e?w=500","Enjoy fresh Classic Butter Choco Chip Cookies #155. High quality grocery product delivered directly to your doorstep by Vrindavan Mart."
"Classic Refined Sunflower Oil Pouch #156","staples-grains",160,192,"1 L",55,"https://images.unsplash.com/photo-1474979266404-7eaacbcd87c5?w=500","Enjoy fresh Classic Refined Sunflower Oil Pouch #156. High quality grocery product delivered directly to your doorstep by Vrindavan Mart."
"Farm Fresh Fresh Spinach Bunch #157","fruits-vegetables",50,60,"250 g",56,"https://images.unsplash.com/photo-1576045057995-568f588f82fb?w=500","Enjoy fresh Farm Fresh Fresh Spinach Bunch #157. High quality grocery product delivered directly to your doorstep by Vrindavan Mart."
"Value Pack Farm Fresh White Eggs #158","dairy-eggs",77,92,"6 pcs",57,"https://images.unsplash.com/photo-1582722872445-44dc5f7e3c8f?w=500","Enjoy fresh Value Pack Farm Fresh White Eggs #158. High quality grocery product delivered directly to your doorstep by Vrindavan Mart."
"Handpicked Double Choco Chip Muffin #159","bakery",150,180,"4 pcs",58,"https://images.unsplash.com/photo-1607958996333-41aef7caefaa?w=500","Enjoy fresh Handpicked Double Choco Chip Muffin #159. High quality grocery product delivered directly to your doorstep by Vrindavan Mart."
"Handpicked Rich Dark Roast Coffee #160","beverages",285,342,"200 g",59,"https://images.unsplash.com/photo-1610889556528-9a770e32642f?w=500","Enjoy fresh Handpicked Rich Dark Roast Coffee #160. High quality grocery product delivered directly to your doorstep by Vrindavan Mart."
"Natural Crispy Salted Potato Chips #161","snacks",70,84,"90 g",60,"https://images.unsplash.com/photo-1566478989037-eec170784d0b?w=500","Enjoy fresh Natural Crispy Salted Potato Chips #161. High quality grocery product delivered directly to your doorstep by Vrindavan Mart."
"Natural Chakki Fresh Whole Wheat Atta #162","staples-grains",280,336,"5 kg",61,"https://images.unsplash.com/photo-1509440159596-0249088772ff?w=500","Enjoy fresh Natural Chakki Fresh Whole Wheat Atta #162. High quality grocery product delivered directly to your doorstep by Vrindavan Mart."
"Premium Crisp Shimla Apples #163","fruits-vegetables",220,264,"1 kg",62,"https://images.unsplash.com/photo-1560806887-1e4cd0b6cbd6?w=500","Enjoy fresh Premium Crisp Shimla Apples #163. High quality grocery product delivered directly to your doorstep by Vrindavan Mart."
"Super Saver Farm Fresh White Eggs #164","dairy-eggs",107,128,"6 pcs",63,"https://images.unsplash.com/photo-1582722872445-44dc5f7e3c8f?w=500","Enjoy fresh Super Saver Farm Fresh White Eggs #164. High quality grocery product delivered directly to your doorstep by Vrindavan Mart."
"Daily 100% Whole Wheat Bread #165","bakery",115,138,"400 g",64,"https://images.unsplash.com/photo-1509440159596-0249088772ff?w=500","Enjoy fresh Daily 100% Whole Wheat Bread #165. High quality grocery product delivered directly to your doorstep by Vrindavan Mart."
"Daily Classic Green Tea Bags #166","beverages",175,210,"25 bags",65,"https://images.unsplash.com/photo-1627435601361-ec25f5b1d0e5?w=500","Enjoy fresh Daily Classic Green Tea Bags #166. High quality grocery product delivered directly to your doorstep by Vrindavan Mart."
"Daily Butter Choco Chip Cookies #167","snacks",55,66,"150 g",66,"https://images.unsplash.com/photo-1499636136210-6f4ee915583e?w=500","Enjoy fresh Daily Butter Choco Chip Cookies #167. High quality grocery product delivered directly to your doorstep by Vrindavan Mart."
"Daily Refined Sunflower Oil Pouch #168","staples-grains",145,174,"1 L",67,"https://images.unsplash.com/photo-1474979266404-7eaacbcd87c5?w=500","Enjoy fresh Daily Refined Sunflower Oil Pouch #168. High quality grocery product delivered directly to your doorstep by Vrindavan Mart."
"Premium Green Broccoli #169","fruits-vegetables",80,96,"1 pc",68,"https://images.unsplash.com/photo-1459411621453-7b03977f4bfc?w=500","Enjoy fresh Premium Green Broccoli #169. High quality grocery product delivered directly to your doorstep by Vrindavan Mart."
"Gold Farm Fresh White Eggs #170","dairy-eggs",62,74,"6 pcs",69,"https://images.unsplash.com/photo-1582722872445-44dc5f7e3c8f?w=500","Enjoy fresh Gold Farm Fresh White Eggs #170. High quality grocery product delivered directly to your doorstep by Vrindavan Mart."
"Value Pack Double Choco Chip Muffin #171","bakery",135,162,"4 pcs",70,"https://images.unsplash.com/photo-1607958996333-41aef7caefaa?w=500","Enjoy fresh Value Pack Double Choco Chip Muffin #171. High quality grocery product delivered directly to your doorstep by Vrindavan Mart."
"Value Pack Rich Dark Roast Coffee #172","beverages",270,324,"200 g",71,"https://images.unsplash.com/photo-1610889556528-9a770e32642f?w=500","Enjoy fresh Value Pack Rich Dark Roast Coffee #172. High quality grocery product delivered directly to your doorstep by Vrindavan Mart."
"Super Saver Crispy Salted Potato Chips #173","snacks",55,66,"90 g",72,"https://images.unsplash.com/photo-1566478989037-eec170784d0b?w=500","Enjoy fresh Super Saver Crispy Salted Potato Chips #173. High quality grocery product delivered directly to your doorstep by Vrindavan Mart."
"Super Saver Chakki Fresh Whole Wheat Atta #174","staples-grains",265,318,"5 kg",73,"https://images.unsplash.com/photo-1509440159596-0249088772ff?w=500","Enjoy fresh Super Saver Chakki Fresh Whole Wheat Atta #174. High quality grocery product delivered directly to your doorstep by Vrindavan Mart."
"Organic New Crop Potatoes #175","fruits-vegetables",69,83,"1 kg",74,"https://images.unsplash.com/photo-1518977676601-b53f82aba655?w=500","Enjoy fresh Organic New Crop Potatoes #175. High quality grocery product delivered directly to your doorstep by Vrindavan Mart."
"Chef Edition Farm Fresh White Eggs #176","dairy-eggs",92,110,"6 pcs",75,"https://images.unsplash.com/photo-1582722872445-44dc5f7e3c8f?w=500","Enjoy fresh Chef Edition Farm Fresh White Eggs #176. High quality grocery product delivered directly to your doorstep by Vrindavan Mart."
"Gold 100% Whole Wheat Bread #177","bakery",100,120,"400 g",76,"https://images.unsplash.com/photo-1509440159596-0249088772ff?w=500","Enjoy fresh Gold 100% Whole Wheat Bread #177. High quality grocery product delivered directly to your doorstep by Vrindavan Mart."
"Gold Classic Green Tea Bags #178","beverages",235,282,"25 bags",77,"https://images.unsplash.com/photo-1627435601361-ec25f5b1d0e5?w=500","Enjoy fresh Gold Classic Green Tea Bags #178. High quality grocery product delivered directly to your doorstep by Vrindavan Mart."
"Gold Butter Choco Chip Cookies #179","snacks",115,138,"150 g",78,"https://images.unsplash.com/photo-1499636136210-6f4ee915583e?w=500","Enjoy fresh Gold Butter Choco Chip Cookies #179. High quality grocery product delivered directly to your doorstep by Vrindavan Mart."
"Gold Refined Sunflower Oil Pouch #180","staples-grains",205,246,"1 L",79,"https://images.unsplash.com/photo-1474979266404-7eaacbcd87c5?w=500","Enjoy fresh Gold Refined Sunflower Oil Pouch #180. High quality grocery product delivered directly to your doorstep by Vrindavan Mart."
"Select Fresh Organic Tomatoes #181","fruits-vegetables",35,42,"1 kg",80,"https://images.unsplash.com/photo-1592924357228-91a4daadcfea?w=500","Enjoy fresh Select Fresh Organic Tomatoes #181. High quality grocery product delivered directly to your doorstep by Vrindavan Mart."
"Local Sourced Farm Fresh White Eggs #182","dairy-eggs",47,56,"6 pcs",81,"https://images.unsplash.com/photo-1582722872445-44dc5f7e3c8f?w=500","Enjoy fresh Local Sourced Farm Fresh White Eggs #182. High quality grocery product delivered directly to your doorstep by Vrindavan Mart."
"Chef Edition Double Choco Chip Muffin #183","bakery",120,144,"4 pcs",82,"https://images.unsplash.com/photo-1607958996333-41aef7caefaa?w=500","Enjoy fresh Chef Edition Double Choco Chip Muffin #183. High quality grocery product delivered directly to your doorstep by Vrindavan Mart."
"Chef Edition Rich Dark Roast Coffee #184","beverages",255,306,"200 g",83,"https://images.unsplash.com/photo-1610889556528-9a770e32642f?w=500","Enjoy fresh Chef Edition Rich Dark Roast Coffee #184. High quality grocery product delivered directly to your doorstep by Vrindavan Mart."
"Local Sourced Crispy Salted Potato Chips #185","snacks",40,48,"90 g",84,"https://images.unsplash.com/photo-1566478989037-eec170784d0b?w=500","Enjoy fresh Local Sourced Crispy Salted Potato Chips #185. High quality grocery product delivered directly to your doorstep by Vrindavan Mart."
"Local Sourced Chakki Fresh Whole Wheat Atta #186","staples-grains",250,300,"5 kg",85,"https://images.unsplash.com/photo-1509440159596-0249088772ff?w=500","Enjoy fresh Local Sourced Chakki Fresh Whole Wheat Atta #186. High quality grocery product delivered directly to your doorstep by Vrindavan Mart."
"Select Fresh Spinach Bunch #187","fruits-vegetables",50,60,"250 g",86,"https://images.unsplash.com/photo-1576045057995-568f588f82fb?w=500","Enjoy fresh Select Fresh Spinach Bunch #187. High quality grocery product delivered directly to your doorstep by Vrindavan Mart."
"Farm Fresh Farm Fresh White Eggs #188","dairy-eggs",77,92,"6 pcs",87,"https://images.unsplash.com/photo-1582722872445-44dc5f7e3c8f?w=500","Enjoy fresh Farm Fresh Farm Fresh White Eggs #188. High quality grocery product delivered directly to your doorstep by Vrindavan Mart."
"Farm Fresh 100% Whole Wheat Bread #189","bakery",85,102,"400 g",88,"https://images.unsplash.com/photo-1509440159596-0249088772ff?w=500","Enjoy fresh Farm Fresh 100% Whole Wheat Bread #189. High quality grocery product delivered directly to your doorstep by Vrindavan Mart."
"Farm Fresh Classic Green Tea Bags #190","beverages",220,264,"25 bags",89,"https://images.unsplash.com/photo-1627435601361-ec25f5b1d0e5?w=500","Enjoy fresh Farm Fresh Classic Green Tea Bags #190. High quality grocery product delivered directly to your doorstep by Vrindavan Mart."
"Farm Fresh Butter Choco Chip Cookies #191","snacks",100,120,"150 g",90,"https://images.unsplash.com/photo-1499636136210-6f4ee915583e?w=500","Enjoy fresh Farm Fresh Butter Choco Chip Cookies #191. High quality grocery product delivered directly to your doorstep by Vrindavan Mart."
"Farm Fresh Refined Sunflower Oil Pouch #192","staples-grains",190,228,"1 L",91,"https://images.unsplash.com/photo-1474979266404-7eaacbcd87c5?w=500","Enjoy fresh Farm Fresh Refined Sunflower Oil Pouch #192. High quality grocery product delivered directly to your doorstep by Vrindavan Mart."
"Fresh Crisp Shimla Apples #193","fruits-vegetables",220,264,"1 kg",92,"https://images.unsplash.com/photo-1560806887-1e4cd0b6cbd6?w=500","Enjoy fresh Fresh Crisp Shimla Apples #193. High quality grocery product delivered directly to your doorstep by Vrindavan Mart."
"Premium Farm Fresh White Eggs #194","dairy-eggs",107,128,"6 pcs",93,"https://images.unsplash.com/photo-1582722872445-44dc5f7e3c8f?w=500","Enjoy fresh Premium Farm Fresh White Eggs #194. High quality grocery product delivered directly to your doorstep by Vrindavan Mart."
"Premium Double Choco Chip Muffin #195","bakery",180,216,"4 pcs",94,"https://images.unsplash.com/photo-1607958996333-41aef7caefaa?w=500","Enjoy fresh Premium Double Choco Chip Muffin #195. High quality grocery product delivered directly to your doorstep by Vrindavan Mart."
"Premium Rich Dark Roast Coffee #196","beverages",240,288,"200 g",95,"https://images.unsplash.com/photo-1610889556528-9a770e32642f?w=500","Enjoy fresh Premium Rich Dark Roast Coffee #196. High quality grocery product delivered directly to your doorstep by Vrindavan Mart."
"Organic Crispy Salted Potato Chips #197","snacks",25,30,"90 g",96,"https://images.unsplash.com/photo-1566478989037-eec170784d0b?w=500","Enjoy fresh Organic Crispy Salted Potato Chips #197. High quality grocery product delivered directly to your doorstep by Vrindavan Mart."
"Organic Chakki Fresh Whole Wheat Atta #198","staples-grains",235,282,"5 kg",97,"https://images.unsplash.com/photo-1509440159596-0249088772ff?w=500","Enjoy fresh Organic Chakki Fresh Whole Wheat Atta #198. High quality grocery product delivered directly to your doorstep by Vrindavan Mart."
"Fresh Green Broccoli #199","fruits-vegetables",80,96,"1 pc",98,"https://images.unsplash.com/photo-1459411621453-7b03977f4bfc?w=500","Enjoy fresh Fresh Green Broccoli #199. High quality grocery product delivered directly to your doorstep by Vrindavan Mart."
"Organic Farm Fresh White Eggs #200","dairy-eggs",62,74,"6 pcs",99,"https://images.unsplash.com/photo-1582722872445-44dc5f7e3c8f?w=500","Enjoy fresh Organic Farm Fresh White Eggs #200. High quality grocery product delivered directly to your doorstep by Vrindavan Mart."
"Select 100% Whole Wheat Bread #201","bakery",70,84,"400 g",100,"https://images.unsplash.com/photo-1509440159596-0249088772ff?w=500","Enjoy fresh Select 100% Whole Wheat Bread #201. High quality grocery product delivered directly to your doorstep by Vrindavan Mart."
"Select Classic Green Tea Bags #202","beverages",205,246,"25 bags",101,"https://images.unsplash.com/photo-1627435601361-ec25f5b1d0e5?w=500","Enjoy fresh Select Classic Green Tea Bags #202. High quality grocery product delivered directly to your doorstep by Vrindavan Mart."
"Select Butter Choco Chip Cookies #203","snacks",85,102,"150 g",102,"https://images.unsplash.com/photo-1499636136210-6f4ee915583e?w=500","Enjoy fresh Select Butter Choco Chip Cookies #203. High quality grocery product delivered directly to your doorstep by Vrindavan Mart."
"Select Refined Sunflower Oil Pouch #204","staples-grains",175,210,"1 L",103,"https://images.unsplash.com/photo-1474979266404-7eaacbcd87c5?w=500","Enjoy fresh Select Refined Sunflower Oil Pouch #204. High quality grocery product delivered directly to your doorstep by Vrindavan Mart."
"Special New Crop Potatoes #205","fruits-vegetables",69,83,"1 kg",104,"https://images.unsplash.com/photo-1518977676601-b53f82aba655?w=500","Enjoy fresh Special New Crop Potatoes #205. High quality grocery product delivered directly to your doorstep by Vrindavan Mart."
"Select Farm Fresh White Eggs #206","dairy-eggs",92,110,"6 pcs",105,"https://images.unsplash.com/photo-1582722872445-44dc5f7e3c8f?w=500","Enjoy fresh Select Farm Fresh White Eggs #206. High quality grocery product delivered directly to your doorstep by Vrindavan Mart."
"Fresh Double Choco Chip Muffin #207","bakery",165,198,"4 pcs",106,"https://images.unsplash.com/photo-1607958996333-41aef7caefaa?w=500","Enjoy fresh Fresh Double Choco Chip Muffin #207. High quality grocery product delivered directly to your doorstep by Vrindavan Mart."
"Fresh Rich Dark Roast Coffee #208","beverages",300,360,"200 g",107,"https://images.unsplash.com/photo-1610889556528-9a770e32642f?w=500","Enjoy fresh Fresh Rich Dark Roast Coffee #208. High quality grocery product delivered directly to your doorstep by Vrindavan Mart."
"Special Crispy Salted Potato Chips #209","snacks",85,102,"90 g",108,"https://images.unsplash.com/photo-1566478989037-eec170784d0b?w=500","Enjoy fresh Special Crispy Salted Potato Chips #209. High quality grocery product delivered directly to your doorstep by Vrindavan Mart."
"Special Chakki Fresh Whole Wheat Atta #210","staples-grains",295,354,"5 kg",109,"https://images.unsplash.com/photo-1509440159596-0249088772ff?w=500","Enjoy fresh Special Chakki Fresh Whole Wheat Atta #210. High quality grocery product delivered directly to your doorstep by Vrindavan Mart."
"Deluxe Fresh Organic Tomatoes #211","fruits-vegetables",35,42,"1 kg",110,"https://images.unsplash.com/photo-1592924357228-91a4daadcfea?w=500","Enjoy fresh Deluxe Fresh Organic Tomatoes #211. High quality grocery product delivered directly to your doorstep by Vrindavan Mart."
"Fresh Farm Fresh White Eggs #212","dairy-eggs",47,56,"6 pcs",111,"https://images.unsplash.com/photo-1582722872445-44dc5f7e3c8f?w=500","Enjoy fresh Fresh Farm Fresh White Eggs #212. High quality grocery product delivered directly to your doorstep by Vrindavan Mart."
"Deluxe 100% Whole Wheat Bread #213","bakery",55,66,"400 g",112,"https://images.unsplash.com/photo-1509440159596-0249088772ff?w=500","Enjoy fresh Deluxe 100% Whole Wheat Bread #213. High quality grocery product delivered directly to your doorstep by Vrindavan Mart."
"Deluxe Classic Green Tea Bags #214","beverages",190,228,"25 bags",113,"https://images.unsplash.com/photo-1627435601361-ec25f5b1d0e5?w=500","Enjoy fresh Deluxe Classic Green Tea Bags #214. High quality grocery product delivered directly to your doorstep by Vrindavan Mart."
"Deluxe Butter Choco Chip Cookies #215","snacks",70,84,"150 g",114,"https://images.unsplash.com/photo-1499636136210-6f4ee915583e?w=500","Enjoy fresh Deluxe Butter Choco Chip Cookies #215. High quality grocery product delivered directly to your doorstep by Vrindavan Mart."
"Deluxe Refined Sunflower Oil Pouch #216","staples-grains",160,192,"1 L",115,"https://images.unsplash.com/photo-1474979266404-7eaacbcd87c5?w=500","Enjoy fresh Deluxe Refined Sunflower Oil Pouch #216. High quality grocery product delivered directly to your doorstep by Vrindavan Mart."
"Deluxe Fresh Spinach Bunch #217","fruits-vegetables",50,60,"250 g",116,"https://images.unsplash.com/photo-1576045057995-568f588f82fb?w=500","Enjoy fresh Deluxe Fresh Spinach Bunch #217. High quality grocery product delivered directly to your doorstep by Vrindavan Mart."
"Special Farm Fresh White Eggs #218","dairy-eggs",77,92,"6 pcs",117,"https://images.unsplash.com/photo-1582722872445-44dc5f7e3c8f?w=500","Enjoy fresh Special Farm Fresh White Eggs #218. High quality grocery product delivered directly to your doorstep by Vrindavan Mart."
"Classic Double Choco Chip Muffin #219","bakery",150,180,"4 pcs",118,"https://images.unsplash.com/photo-1607958996333-41aef7caefaa?w=500","Enjoy fresh Classic Double Choco Chip Muffin #219. High quality grocery product delivered directly to your doorstep by Vrindavan Mart."
"Classic Rich Dark Roast Coffee #220","beverages",285,342,"200 g",119,"https://images.unsplash.com/photo-1610889556528-9a770e32642f?w=500","Enjoy fresh Classic Rich Dark Roast Coffee #220. High quality grocery product delivered directly to your doorstep by Vrindavan Mart."
"Handpicked Crispy Salted Potato Chips #221","snacks",70,84,"90 g",120,"https://images.unsplash.com/photo-1566478989037-eec170784d0b?w=500","Enjoy fresh Handpicked Crispy Salted Potato Chips #221. High quality grocery product delivered directly to your doorstep by Vrindavan Mart."
"Handpicked Chakki Fresh Whole Wheat Atta #222","staples-grains",280,336,"5 kg",121,"https://images.unsplash.com/photo-1509440159596-0249088772ff?w=500","Enjoy fresh Handpicked Chakki Fresh Whole Wheat Atta #222. High quality grocery product delivered directly to your doorstep by Vrindavan Mart."
"Classic Crisp Shimla Apples #223","fruits-vegetables",220,264,"1 kg",122,"https://images.unsplash.com/photo-1560806887-1e4cd0b6cbd6?w=500","Enjoy fresh Classic Crisp Shimla Apples #223. High quality grocery product delivered directly to your doorstep by Vrindavan Mart."
"Deluxe Farm Fresh White Eggs #224","dairy-eggs",107,128,"6 pcs",123,"https://images.unsplash.com/photo-1582722872445-44dc5f7e3c8f?w=500","Enjoy fresh Deluxe Farm Fresh White Eggs #224. High quality grocery product delivered directly to your doorstep by Vrindavan Mart."
"Natural 100% Whole Wheat Bread #225","bakery",115,138,"400 g",124,"https://images.unsplash.com/photo-1509440159596-0249088772ff?w=500","Enjoy fresh Natural 100% Whole Wheat Bread #225. High quality grocery product delivered directly to your doorstep by Vrindavan Mart."
"Natural Classic Green Tea Bags #226","beverages",175,210,"25 bags",125,"https://images.unsplash.com/photo-1627435601361-ec25f5b1d0e5?w=500","Enjoy fresh Natural Classic Green Tea Bags #226. High quality grocery product delivered directly to your doorstep by Vrindavan Mart."
"Natural Butter Choco Chip Cookies #227","snacks",55,66,"150 g",126,"https://images.unsplash.com/photo-1499636136210-6f4ee915583e?w=500","Enjoy fresh Natural Butter Choco Chip Cookies #227. High quality grocery product delivered directly to your doorstep by Vrindavan Mart."
"Natural Refined Sunflower Oil Pouch #228","staples-grains",145,174,"1 L",127,"https://images.unsplash.com/photo-1474979266404-7eaacbcd87c5?w=500","Enjoy fresh Natural Refined Sunflower Oil Pouch #228. High quality grocery product delivered directly to your doorstep by Vrindavan Mart."
"Classic Green Broccoli #229","fruits-vegetables",80,96,"1 pc",128,"https://images.unsplash.com/photo-1459411621453-7b03977f4bfc?w=500","Enjoy fresh Classic Green Broccoli #229. High quality grocery product delivered directly to your doorstep by Vrindavan Mart."
"Classic Farm Fresh White Eggs #230","dairy-eggs",62,74,"6 pcs",129,"https://images.unsplash.com/photo-1582722872445-44dc5f7e3c8f?w=500","Enjoy fresh Classic Farm Fresh White Eggs #230. High quality grocery product delivered directly to your doorstep by Vrindavan Mart."
"Daily Double Choco Chip Muffin #231","bakery",135,162,"4 pcs",130,"https://images.unsplash.com/photo-1607958996333-41aef7caefaa?w=500","Enjoy fresh Daily Double Choco Chip Muffin #231. High quality grocery product delivered directly to your doorstep by Vrindavan Mart."
"Daily Rich Dark Roast Coffee #232","beverages",270,324,"200 g",131,"https://images.unsplash.com/photo-1610889556528-9a770e32642f?w=500","Enjoy fresh Daily Rich Dark Roast Coffee #232. High quality grocery product delivered directly to your doorstep by Vrindavan Mart."
"Value Pack Crispy Salted Potato Chips #233","snacks",55,66,"90 g",132,"https://images.unsplash.com/photo-1566478989037-eec170784d0b?w=500","Enjoy fresh Value Pack Crispy Salted Potato Chips #233. High quality grocery product delivered directly to your doorstep by Vrindavan Mart."
"Value Pack Chakki Fresh Whole Wheat Atta #234","staples-grains",265,318,"5 kg",133,"https://images.unsplash.com/photo-1509440159596-0249088772ff?w=500","Enjoy fresh Value Pack Chakki Fresh Whole Wheat Atta #234. High quality grocery product delivered directly to your doorstep by Vrindavan Mart."
"Handpicked New Crop Potatoes #235","fruits-vegetables",69,83,"1 kg",134,"https://images.unsplash.com/photo-1518977676601-b53f82aba655?w=500","Enjoy fresh Handpicked New Crop Potatoes #235. High quality grocery product delivered directly to your doorstep by Vrindavan Mart."
"Handpicked Farm Fresh White Eggs #236","dairy-eggs",92,110,"6 pcs",135,"https://images.unsplash.com/photo-1582722872445-44dc5f7e3c8f?w=500","Enjoy fresh Handpicked Farm Fresh White Eggs #236. High quality grocery product delivered directly to your doorstep by Vrindavan Mart."
"Super Saver 100% Whole Wheat Bread #237","bakery",100,120,"400 g",136,"https://images.unsplash.com/photo-1509440159596-0249088772ff?w=500","Enjoy fresh Super Saver 100% Whole Wheat Bread #237. High quality grocery product delivered directly to your doorstep by Vrindavan Mart."
"Super Saver Classic Green Tea Bags #238","beverages",235,282,"25 bags",137,"https://images.unsplash.com/photo-1627435601361-ec25f5b1d0e5?w=500","Enjoy fresh Super Saver Classic Green Tea Bags #238. High quality grocery product delivered directly to your doorstep by Vrindavan Mart."
"Super Saver Butter Choco Chip Cookies #239","snacks",115,138,"150 g",138,"https://images.unsplash.com/photo-1499636136210-6f4ee915583e?w=500","Enjoy fresh Super Saver Butter Choco Chip Cookies #239. High quality grocery product delivered directly to your doorstep by Vrindavan Mart."
"Super Saver Refined Sunflower Oil Pouch #240","staples-grains",205,246,"1 L",139,"https://images.unsplash.com/photo-1474979266404-7eaacbcd87c5?w=500","Enjoy fresh Super Saver Refined Sunflower Oil Pouch #240. High quality grocery product delivered directly to your doorstep by Vrindavan Mart."
"Natural Fresh Organic Tomatoes #241","fruits-vegetables",35,42,"1 kg",140,"https://images.unsplash.com/photo-1592924357228-91a4daadcfea?w=500","Enjoy fresh Natural Fresh Organic Tomatoes #241. High quality grocery product delivered directly to your doorstep by Vrindavan Mart."
"Natural Farm Fresh White Eggs #242","dairy-eggs",47,56,"6 pcs",141,"https://images.unsplash.com/photo-1582722872445-44dc5f7e3c8f?w=500","Enjoy fresh Natural Farm Fresh White Eggs #242. High quality grocery product delivered directly to your doorstep by Vrindavan Mart."
"Gold Double Choco Chip Muffin #243","bakery",120,144,"4 pcs",142,"https://images.unsplash.com/photo-1607958996333-41aef7caefaa?w=500","Enjoy fresh Gold Double Choco Chip Muffin #243. High quality grocery product delivered directly to your doorstep by Vrindavan Mart."
"Gold Rich Dark Roast Coffee #244","beverages",255,306,"200 g",143,"https://images.unsplash.com/photo-1610889556528-9a770e32642f?w=500","Enjoy fresh Gold Rich Dark Roast Coffee #244. High quality grocery product delivered directly to your doorstep by Vrindavan Mart."
"Chef Edition Crispy Salted Potato Chips #245","snacks",40,48,"90 g",144,"https://images.unsplash.com/photo-1566478989037-eec170784d0b?w=500","Enjoy fresh Chef Edition Crispy Salted Potato Chips #245. High quality grocery product delivered directly to your doorstep by Vrindavan Mart."
"Chef Edition Chakki Fresh Whole Wheat Atta #246","staples-grains",250,300,"5 kg",145,"https://images.unsplash.com/photo-1509440159596-0249088772ff?w=500","Enjoy fresh Chef Edition Chakki Fresh Whole Wheat Atta #246. High quality grocery product delivered directly to your doorstep by Vrindavan Mart."
"Natural Fresh Spinach Bunch #247","fruits-vegetables",50,60,"250 g",146,"https://images.unsplash.com/photo-1576045057995-568f588f82fb?w=500","Enjoy fresh Natural Fresh Spinach Bunch #247. High quality grocery product delivered directly to your doorstep by Vrindavan Mart."
"Daily Farm Fresh White Eggs #248","dairy-eggs",77,92,"6 pcs",147,"https://images.unsplash.com/photo-1582722872445-44dc5f7e3c8f?w=500","Enjoy fresh Daily Farm Fresh White Eggs #248. High quality grocery product delivered directly to your doorstep by Vrindavan Mart."
"Local Sourced 100% Whole Wheat Bread #249","bakery",85,102,"400 g",148,"https://images.unsplash.com/photo-1509440159596-0249088772ff?w=500","Enjoy fresh Local Sourced 100% Whole Wheat Bread #249. High quality grocery product delivered directly to your doorstep by Vrindavan Mart."
"Local Sourced Classic Green Tea Bags #250","beverages",220,264,"25 bags",149,"https://images.unsplash.com/photo-1627435601361-ec25f5b1d0e5?w=500","Enjoy fresh Local Sourced Classic Green Tea Bags #250. High quality grocery product delivered directly to your doorstep by Vrindavan Mart."
"Local Sourced Butter Choco Chip Cookies #251","snacks",100,120,"150 g",150,"https://images.unsplash.com/photo-1499636136210-6f4ee915583e?w=500","Enjoy fresh Local Sourced Butter Choco Chip Cookies #251. High quality grocery product delivered directly to your doorstep by Vrindavan Mart."
"Local Sourced Refined Sunflower Oil Pouch #252","staples-grains",190,228,"1 L",151,"https://images.unsplash.com/photo-1474979266404-7eaacbcd87c5?w=500","Enjoy fresh Local Sourced Refined Sunflower Oil Pouch #252. High quality grocery product delivered directly to your doorstep by Vrindavan Mart."
"Daily Crisp Shimla Apples #253","fruits-vegetables",220,264,"1 kg",152,"https://images.unsplash.com/photo-1560806887-1e4cd0b6cbd6?w=500","Enjoy fresh Daily Crisp Shimla Apples #253. High quality grocery product delivered directly to your doorstep by Vrindavan Mart."
"Value Pack Farm Fresh White Eggs #254","dairy-eggs",107,128,"6 pcs",153,"https://images.unsplash.com/photo-1582722872445-44dc5f7e3c8f?w=500","Enjoy fresh Value Pack Farm Fresh White Eggs #254. High quality grocery product delivered directly to your doorstep by Vrindavan Mart."
"Farm Fresh Double Choco Chip Muffin #255","bakery",180,216,"4 pcs",154,"https://images.unsplash.com/photo-1607958996333-41aef7caefaa?w=500","Enjoy fresh Farm Fresh Double Choco Chip Muffin #255. High quality grocery product delivered directly to your doorstep by Vrindavan Mart."
"Farm Fresh Rich Dark Roast Coffee #256","beverages",240,288,"200 g",155,"https://images.unsplash.com/photo-1610889556528-9a770e32642f?w=500","Enjoy fresh Farm Fresh Rich Dark Roast Coffee #256. High quality grocery product delivered directly to your doorstep by Vrindavan Mart."
"Premium Crispy Salted Potato Chips #257","snacks",25,30,"90 g",156,"https://images.unsplash.com/photo-1566478989037-eec170784d0b?w=500","Enjoy fresh Premium Crispy Salted Potato Chips #257. High quality grocery product delivered directly to your doorstep by Vrindavan Mart."
"Premium Chakki Fresh Whole Wheat Atta #258","staples-grains",235,282,"5 kg",157,"https://images.unsplash.com/photo-1509440159596-0249088772ff?w=500","Enjoy fresh Premium Chakki Fresh Whole Wheat Atta #258. High quality grocery product delivered directly to your doorstep by Vrindavan Mart."
"Daily Green Broccoli #259","fruits-vegetables",80,96,"1 pc",158,"https://images.unsplash.com/photo-1459411621453-7b03977f4bfc?w=500","Enjoy fresh Daily Green Broccoli #259. High quality grocery product delivered directly to your doorstep by Vrindavan Mart."
"Super Saver Farm Fresh White Eggs #260","dairy-eggs",62,74,"6 pcs",159,"https://images.unsplash.com/photo-1582722872445-44dc5f7e3c8f?w=500","Enjoy fresh Super Saver Farm Fresh White Eggs #260. High quality grocery product delivered directly to your doorstep by Vrindavan Mart."
"Organic 100% Whole Wheat Bread #261","bakery",70,84,"400 g",160,"https://images.unsplash.com/photo-1509440159596-0249088772ff?w=500","Enjoy fresh Organic 100% Whole Wheat Bread #261. High quality grocery product delivered directly to your doorstep by Vrindavan Mart."
"Organic Classic Green Tea Bags #262","beverages",205,246,"25 bags",161,"https://images.unsplash.com/photo-1627435601361-ec25f5b1d0e5?w=500","Enjoy fresh Organic Classic Green Tea Bags #262. High quality grocery product delivered directly to your doorstep by Vrindavan Mart."
"Organic Butter Choco Chip Cookies #263","snacks",85,102,"150 g",162,"https://images.unsplash.com/photo-1499636136210-6f4ee915583e?w=500","Enjoy fresh Organic Butter Choco Chip Cookies #263. High quality grocery product delivered directly to your doorstep by Vrindavan Mart."
"Organic Refined Sunflower Oil Pouch #264","staples-grains",175,210,"1 L",163,"https://images.unsplash.com/photo-1474979266404-7eaacbcd87c5?w=500","Enjoy fresh Organic Refined Sunflower Oil Pouch #264. High quality grocery product delivered directly to your doorstep by Vrindavan Mart."
"Value Pack New Crop Potatoes #265","fruits-vegetables",69,83,"1 kg",164,"https://images.unsplash.com/photo-1518977676601-b53f82aba655?w=500","Enjoy fresh Value Pack New Crop Potatoes #265. High quality grocery product delivered directly to your doorstep by Vrindavan Mart."
"Gold Farm Fresh White Eggs #266","dairy-eggs",92,110,"6 pcs",165,"https://images.unsplash.com/photo-1582722872445-44dc5f7e3c8f?w=500","Enjoy fresh Gold Farm Fresh White Eggs #266. High quality grocery product delivered directly to your doorstep by Vrindavan Mart."
"Select Double Choco Chip Muffin #267","bakery",165,198,"4 pcs",166,"https://images.unsplash.com/photo-1607958996333-41aef7caefaa?w=500","Enjoy fresh Select Double Choco Chip Muffin #267. High quality grocery product delivered directly to your doorstep by Vrindavan Mart."
"Select Rich Dark Roast Coffee #268","beverages",300,360,"200 g",167,"https://images.unsplash.com/photo-1610889556528-9a770e32642f?w=500","Enjoy fresh Select Rich Dark Roast Coffee #268. High quality grocery product delivered directly to your doorstep by Vrindavan Mart."
"Fresh Crispy Salted Potato Chips #269","snacks",85,102,"90 g",168,"https://images.unsplash.com/photo-1566478989037-eec170784d0b?w=500","Enjoy fresh Fresh Crispy Salted Potato Chips #269. High quality grocery product delivered directly to your doorstep by Vrindavan Mart."
"Fresh Chakki Fresh Whole Wheat Atta #270","staples-grains",295,354,"5 kg",169,"https://images.unsplash.com/photo-1509440159596-0249088772ff?w=500","Enjoy fresh Fresh Chakki Fresh Whole Wheat Atta #270. High quality grocery product delivered directly to your doorstep by Vrindavan Mart."
"Super Saver Fresh Organic Tomatoes #271","fruits-vegetables",35,42,"1 kg",170,"https://images.unsplash.com/photo-1592924357228-91a4daadcfea?w=500","Enjoy fresh Super Saver Fresh Organic Tomatoes #271. High quality grocery product delivered directly to your doorstep by Vrindavan Mart."
"Chef Edition Farm Fresh White Eggs #272","dairy-eggs",47,56,"6 pcs",171,"https://images.unsplash.com/photo-1582722872445-44dc5f7e3c8f?w=500","Enjoy fresh Chef Edition Farm Fresh White Eggs #272. High quality grocery product delivered directly to your doorstep by Vrindavan Mart."
"Special 100% Whole Wheat Bread #273","bakery",55,66,"400 g",172,"https://images.unsplash.com/photo-1509440159596-0249088772ff?w=500","Enjoy fresh Special 100% Whole Wheat Bread #273. High quality grocery product delivered directly to your doorstep by Vrindavan Mart."
"Special Classic Green Tea Bags #274","beverages",190,228,"25 bags",173,"https://images.unsplash.com/photo-1627435601361-ec25f5b1d0e5?w=500","Enjoy fresh Special Classic Green Tea Bags #274. High quality grocery product delivered directly to your doorstep by Vrindavan Mart."
"Special Butter Choco Chip Cookies #275","snacks",70,84,"150 g",174,"https://images.unsplash.com/photo-1499636136210-6f4ee915583e?w=500","Enjoy fresh Special Butter Choco Chip Cookies #275. High quality grocery product delivered directly to your doorstep by Vrindavan Mart."
"Special Refined Sunflower Oil Pouch #276","staples-grains",160,192,"1 L",175,"https://images.unsplash.com/photo-1474979266404-7eaacbcd87c5?w=500","Enjoy fresh Special Refined Sunflower Oil Pouch #276. High quality grocery product delivered directly to your doorstep by Vrindavan Mart."
"Super Saver Fresh Spinach Bunch #277","fruits-vegetables",50,60,"250 g",176,"https://images.unsplash.com/photo-1576045057995-568f588f82fb?w=500","Enjoy fresh Super Saver Fresh Spinach Bunch #277. High quality grocery product delivered directly to your doorstep by Vrindavan Mart."
"Local Sourced Farm Fresh White Eggs #278","dairy-eggs",77,92,"6 pcs",177,"https://images.unsplash.com/photo-1582722872445-44dc5f7e3c8f?w=500","Enjoy fresh Local Sourced Farm Fresh White Eggs #278. High quality grocery product delivered directly to your doorstep by Vrindavan Mart."
"Deluxe Double Choco Chip Muffin #279","bakery",150,180,"4 pcs",178,"https://images.unsplash.com/photo-1607958996333-41aef7caefaa?w=500","Enjoy fresh Deluxe Double Choco Chip Muffin #279. High quality grocery product delivered directly to your doorstep by Vrindavan Mart."
"Deluxe Rich Dark Roast Coffee #280","beverages",285,342,"200 g",179,"https://images.unsplash.com/photo-1610889556528-9a770e32642f?w=500","Enjoy fresh Deluxe Rich Dark Roast Coffee #280. High quality grocery product delivered directly to your doorstep by Vrindavan Mart."
"Classic Crispy Salted Potato Chips #281","snacks",70,84,"90 g",180,"https://images.unsplash.com/photo-1566478989037-eec170784d0b?w=500","Enjoy fresh Classic Crispy Salted Potato Chips #281. High quality grocery product delivered directly to your doorstep by Vrindavan Mart."
"Classic Chakki Fresh Whole Wheat Atta #282","staples-grains",280,336,"5 kg",181,"https://images.unsplash.com/photo-1509440159596-0249088772ff?w=500","Enjoy fresh Classic Chakki Fresh Whole Wheat Atta #282. High quality grocery product delivered directly to your doorstep by Vrindavan Mart."
"Gold Crisp Shimla Apples #283","fruits-vegetables",220,264,"1 kg",182,"https://images.unsplash.com/photo-1560806887-1e4cd0b6cbd6?w=500","Enjoy fresh Gold Crisp Shimla Apples #283. High quality grocery product delivered directly to your doorstep by Vrindavan Mart."
"Farm Fresh Farm Fresh White Eggs #284","dairy-eggs",107,128,"6 pcs",183,"https://images.unsplash.com/photo-1582722872445-44dc5f7e3c8f?w=500","Enjoy fresh Farm Fresh Farm Fresh White Eggs #284. High quality grocery product delivered directly to your doorstep by Vrindavan Mart."
"Handpicked 100% Whole Wheat Bread #285","bakery",115,138,"400 g",184,"https://images.unsplash.com/photo-1509440159596-0249088772ff?w=500","Enjoy fresh Handpicked 100% Whole Wheat Bread #285. High quality grocery product delivered directly to your doorstep by Vrindavan Mart."
"Handpicked Classic Green Tea Bags #286","beverages",175,210,"25 bags",185,"https://images.unsplash.com/photo-1627435601361-ec25f5b1d0e5?w=500","Enjoy fresh Handpicked Classic Green Tea Bags #286. High quality grocery product delivered directly to your doorstep by Vrindavan Mart."
"Handpicked Butter Choco Chip Cookies #287","snacks",55,66,"150 g",186,"https://images.unsplash.com/photo-1499636136210-6f4ee915583e?w=500","Enjoy fresh Handpicked Butter Choco Chip Cookies #287. High quality grocery product delivered directly to your doorstep by Vrindavan Mart."
"Handpicked Refined Sunflower Oil Pouch #288","staples-grains",145,174,"1 L",187,"https://images.unsplash.com/photo-1474979266404-7eaacbcd87c5?w=500","Enjoy fresh Handpicked Refined Sunflower Oil Pouch #288. High quality grocery product delivered directly to your doorstep by Vrindavan Mart."
"Gold Green Broccoli #289","fruits-vegetables",80,96,"1 pc",188,"https://images.unsplash.com/photo-1459411621453-7b03977f4bfc?w=500","Enjoy fresh Gold Green Broccoli #289. High quality grocery product delivered directly to your doorstep by Vrindavan Mart."
"Premium Farm Fresh White Eggs #290","dairy-eggs",62,74,"6 pcs",189,"https://images.unsplash.com/photo-1582722872445-44dc5f7e3c8f?w=500","Enjoy fresh Premium Farm Fresh White Eggs #290. High quality grocery product delivered directly to your doorstep by Vrindavan Mart."
"Natural Double Choco Chip Muffin #291","bakery",135,162,"4 pcs",190,"https://images.unsplash.com/photo-1607958996333-41aef7caefaa?w=500","Enjoy fresh Natural Double Choco Chip Muffin #291. High quality grocery product delivered directly to your doorstep by Vrindavan Mart."
"Natural Rich Dark Roast Coffee #292","beverages",270,324,"200 g",191,"https://images.unsplash.com/photo-1610889556528-9a770e32642f?w=500","Enjoy fresh Natural Rich Dark Roast Coffee #292. High quality grocery product delivered directly to your doorstep by Vrindavan Mart."
"Daily Crispy Salted Potato Chips #293","snacks",55,66,"90 g",192,"https://images.unsplash.com/photo-1566478989037-eec170784d0b?w=500","Enjoy fresh Daily Crispy Salted Potato Chips #293. High quality grocery product delivered directly to your doorstep by Vrindavan Mart."
"Daily Chakki Fresh Whole Wheat Atta #294","staples-grains",265,318,"5 kg",193,"https://images.unsplash.com/photo-1509440159596-0249088772ff?w=500","Enjoy fresh Daily Chakki Fresh Whole Wheat Atta #294. High quality grocery product delivered directly to your doorstep by Vrindavan Mart."
"Chef Edition New Crop Potatoes #295","fruits-vegetables",69,83,"1 kg",194,"https://images.unsplash.com/photo-1518977676601-b53f82aba655?w=500","Enjoy fresh Chef Edition New Crop Potatoes #295. High quality grocery product delivered directly to your doorstep by Vrindavan Mart."
"Organic Farm Fresh White Eggs #296","dairy-eggs",92,110,"6 pcs",195,"https://images.unsplash.com/photo-1582722872445-44dc5f7e3c8f?w=500","Enjoy fresh Organic Farm Fresh White Eggs #296. High quality grocery product delivered directly to your doorstep by Vrindavan Mart."
"Value Pack 100% Whole Wheat Bread #297","bakery",100,120,"400 g",196,"https://images.unsplash.com/photo-1509440159596-0249088772ff?w=500","Enjoy fresh Value Pack 100% Whole Wheat Bread #297. High quality grocery product delivered directly to your doorstep by Vrindavan Mart."
"Value Pack Classic Green Tea Bags #298","beverages",235,282,"25 bags",197,"https://images.unsplash.com/photo-1627435601361-ec25f5b1d0e5?w=500","Enjoy fresh Value Pack Classic Green Tea Bags #298. High quality grocery product delivered directly to your doorstep by Vrindavan Mart."
"Value Pack Butter Choco Chip Cookies #299","snacks",115,138,"150 g",198,"https://images.unsplash.com/photo-1499636136210-6f4ee915583e?w=500","Enjoy fresh Value Pack Butter Choco Chip Cookies #299. High quality grocery product delivered directly to your doorstep by Vrindavan Mart."
"Value Pack Refined Sunflower Oil Pouch #300","staples-grains",205,246,"1 L",199,"https://images.unsplash.com/photo-1474979266404-7eaacbcd87c5?w=500","Enjoy fresh Value Pack Refined Sunflower Oil Pouch #300. High quality grocery product delivered directly to your doorstep by Vrindavan Mart."
"Local Sourced Fresh Organic Tomatoes #301","fruits-vegetables",35,42,"1 kg",50,"https://images.unsplash.com/photo-1592924357228-91a4daadcfea?w=500","Enjoy fresh Local Sourced Fresh Organic Tomatoes #301. High quality grocery product delivered directly to your doorstep by Vrindavan Mart."
"Select Farm Fresh White Eggs #302","dairy-eggs",47,56,"6 pcs",51,"https://images.unsplash.com/photo-1582722872445-44dc5f7e3c8f?w=500","Enjoy fresh Select Farm Fresh White Eggs #302. High quality grocery product delivered directly to your doorstep by Vrindavan Mart."
"Super Saver Double Choco Chip Muffin #303","bakery",120,144,"4 pcs",52,"https://images.unsplash.com/photo-1607958996333-41aef7caefaa?w=500","Enjoy fresh Super Saver Double Choco Chip Muffin #303. High quality grocery product delivered directly to your doorstep by Vrindavan Mart."
"Super Saver Rich Dark Roast Coffee #304","beverages",255,306,"200 g",53,"https://images.unsplash.com/photo-1610889556528-9a770e32642f?w=500","Enjoy fresh Super Saver Rich Dark Roast Coffee #304. High quality grocery product delivered directly to your doorstep by Vrindavan Mart."
"Gold Crispy Salted Potato Chips #305","snacks",40,48,"90 g",54,"https://images.unsplash.com/photo-1566478989037-eec170784d0b?w=500","Enjoy fresh Gold Crispy Salted Potato Chips #305. High quality grocery product delivered directly to your doorstep by Vrindavan Mart."
"Gold Chakki Fresh Whole Wheat Atta #306","staples-grains",250,300,"5 kg",55,"https://images.unsplash.com/photo-1509440159596-0249088772ff?w=500","Enjoy fresh Gold Chakki Fresh Whole Wheat Atta #306. High quality grocery product delivered directly to your doorstep by Vrindavan Mart."
"Local Sourced Fresh Spinach Bunch #307","fruits-vegetables",50,60,"250 g",56,"https://images.unsplash.com/photo-1576045057995-568f588f82fb?w=500","Enjoy fresh Local Sourced Fresh Spinach Bunch #307. High quality grocery product delivered directly to your doorstep by Vrindavan Mart."
"Fresh Farm Fresh White Eggs #308","dairy-eggs",77,92,"6 pcs",57,"https://images.unsplash.com/photo-1582722872445-44dc5f7e3c8f?w=500","Enjoy fresh Fresh Farm Fresh White Eggs #308. High quality grocery product delivered directly to your doorstep by Vrindavan Mart."
"Chef Edition 100% Whole Wheat Bread #309","bakery",85,102,"400 g",58,"https://images.unsplash.com/photo-1509440159596-0249088772ff?w=500","Enjoy fresh Chef Edition 100% Whole Wheat Bread #309. High quality grocery product delivered directly to your doorstep by Vrindavan Mart."
"Chef Edition Classic Green Tea Bags #310","beverages",220,264,"25 bags",59,"https://images.unsplash.com/photo-1627435601361-ec25f5b1d0e5?w=500","Enjoy fresh Chef Edition Classic Green Tea Bags #310. High quality grocery product delivered directly to your doorstep by Vrindavan Mart."
"Chef Edition Butter Choco Chip Cookies #311","snacks",100,120,"150 g",60,"https://images.unsplash.com/photo-1499636136210-6f4ee915583e?w=500","Enjoy fresh Chef Edition Butter Choco Chip Cookies #311. High quality grocery product delivered directly to your doorstep by Vrindavan Mart."
"Chef Edition Refined Sunflower Oil Pouch #312","staples-grains",190,228,"1 L",61,"https://images.unsplash.com/photo-1474979266404-7eaacbcd87c5?w=500","Enjoy fresh Chef Edition Refined Sunflower Oil Pouch #312. High quality grocery product delivered directly to your doorstep by Vrindavan Mart."
"Farm Fresh Crisp Shimla Apples #313","fruits-vegetables",220,264,"1 kg",62,"https://images.unsplash.com/photo-1560806887-1e4cd0b6cbd6?w=500","Enjoy fresh Farm Fresh Crisp Shimla Apples #313. High quality grocery product delivered directly to your doorstep by Vrindavan Mart."
"Special Farm Fresh White Eggs #314","dairy-eggs",107,128,"6 pcs",63,"https://images.unsplash.com/photo-1582722872445-44dc5f7e3c8f?w=500","Enjoy fresh Special Farm Fresh White Eggs #314. High quality grocery product delivered directly to your doorstep by Vrindavan Mart."
"Local Sourced Double Choco Chip Muffin #315","bakery",180,216,"4 pcs",64,"https://images.unsplash.com/photo-1607958996333-41aef7caefaa?w=500","Enjoy fresh Local Sourced Double Choco Chip Muffin #315. High quality grocery product delivered directly to your doorstep by Vrindavan Mart."
"Local Sourced Rich Dark Roast Coffee #316","beverages",240,288,"200 g",65,"https://images.unsplash.com/photo-1610889556528-9a770e32642f?w=500","Enjoy fresh Local Sourced Rich Dark Roast Coffee #316. High quality grocery product delivered directly to your doorstep by Vrindavan Mart."
"Farm Fresh Crispy Salted Potato Chips #317","snacks",25,30,"90 g",66,"https://images.unsplash.com/photo-1566478989037-eec170784d0b?w=500","Enjoy fresh Farm Fresh Crispy Salted Potato Chips #317. High quality grocery product delivered directly to your doorstep by Vrindavan Mart."
"Farm Fresh Chakki Fresh Whole Wheat Atta #318","staples-grains",235,282,"5 kg",67,"https://images.unsplash.com/photo-1509440159596-0249088772ff?w=500","Enjoy fresh Farm Fresh Chakki Fresh Whole Wheat Atta #318. High quality grocery product delivered directly to your doorstep by Vrindavan Mart."
"Farm Fresh Green Broccoli #319","fruits-vegetables",80,96,"1 pc",68,"https://images.unsplash.com/photo-1459411621453-7b03977f4bfc?w=500","Enjoy fresh Farm Fresh Green Broccoli #319. High quality grocery product delivered directly to your doorstep by Vrindavan Mart."
"Deluxe Farm Fresh White Eggs #320","dairy-eggs",62,74,"6 pcs",69,"https://images.unsplash.com/photo-1582722872445-44dc5f7e3c8f?w=500","Enjoy fresh Deluxe Farm Fresh White Eggs #320. High quality grocery product delivered directly to your doorstep by Vrindavan Mart."
"Premium 100% Whole Wheat Bread #321","bakery",70,84,"400 g",70,"https://images.unsplash.com/photo-1509440159596-0249088772ff?w=500","Enjoy fresh Premium 100% Whole Wheat Bread #321. High quality grocery product delivered directly to your doorstep by Vrindavan Mart."
"Premium Classic Green Tea Bags #322","beverages",205,246,"25 bags",71,"https://images.unsplash.com/photo-1627435601361-ec25f5b1d0e5?w=500","Enjoy fresh Premium Classic Green Tea Bags #322. High quality grocery product delivered directly to your doorstep by Vrindavan Mart."
"Premium Butter Choco Chip Cookies #323","snacks",85,102,"150 g",72,"https://images.unsplash.com/photo-1499636136210-6f4ee915583e?w=500","Enjoy fresh Premium Butter Choco Chip Cookies #323. High quality grocery product delivered directly to your doorstep by Vrindavan Mart."
"Premium Refined Sunflower Oil Pouch #324","staples-grains",175,210,"1 L",73,"https://images.unsplash.com/photo-1474979266404-7eaacbcd87c5?w=500","Enjoy fresh Premium Refined Sunflower Oil Pouch #324. High quality grocery product delivered directly to your doorstep by Vrindavan Mart."
"Premium New Crop Potatoes #325","fruits-vegetables",69,83,"1 kg",74,"https://images.unsplash.com/photo-1518977676601-b53f82aba655?w=500","Enjoy fresh Premium New Crop Potatoes #325. High quality grocery product delivered directly to your doorstep by Vrindavan Mart."
"Classic Farm Fresh White Eggs #326","dairy-eggs",92,110,"6 pcs",75,"https://images.unsplash.com/photo-1582722872445-44dc5f7e3c8f?w=500","Enjoy fresh Classic Farm Fresh White Eggs #326. High quality grocery product delivered directly to your doorstep by Vrindavan Mart."
"Organic Double Choco Chip Muffin #327","bakery",165,198,"4 pcs",76,"https://images.unsplash.com/photo-1607958996333-41aef7caefaa?w=500","Enjoy fresh Organic Double Choco Chip Muffin #327. High quality grocery product delivered directly to your doorstep by Vrindavan Mart."
"Organic Rich Dark Roast Coffee #328","beverages",300,360,"200 g",77,"https://images.unsplash.com/photo-1610889556528-9a770e32642f?w=500","Enjoy fresh Organic Rich Dark Roast Coffee #328. High quality grocery product delivered directly to your doorstep by Vrindavan Mart."
"Select Crispy Salted Potato Chips #329","snacks",85,102,"90 g",78,"https://images.unsplash.com/photo-1566478989037-eec170784d0b?w=500","Enjoy fresh Select Crispy Salted Potato Chips #329. High quality grocery product delivered directly to your doorstep by Vrindavan Mart."
"Select Chakki Fresh Whole Wheat Atta #330","staples-grains",295,354,"5 kg",79,"https://images.unsplash.com/photo-1509440159596-0249088772ff?w=500","Enjoy fresh Select Chakki Fresh Whole Wheat Atta #330. High quality grocery product delivered directly to your doorstep by Vrindavan Mart."
"Organic Fresh Organic Tomatoes #331","fruits-vegetables",35,42,"1 kg",80,"https://images.unsplash.com/photo-1592924357228-91a4daadcfea?w=500","Enjoy fresh Organic Fresh Organic Tomatoes #331. High quality grocery product delivered directly to your doorstep by Vrindavan Mart."
"Handpicked Farm Fresh White Eggs #332","dairy-eggs",47,56,"6 pcs",81,"https://images.unsplash.com/photo-1582722872445-44dc5f7e3c8f?w=500","Enjoy fresh Handpicked Farm Fresh White Eggs #332. High quality grocery product delivered directly to your doorstep by Vrindavan Mart."
"Fresh 100% Whole Wheat Bread #333","bakery",55,66,"400 g",82,"https://images.unsplash.com/photo-1509440159596-0249088772ff?w=500","Enjoy fresh Fresh 100% Whole Wheat Bread #333. High quality grocery product delivered directly to your doorstep by Vrindavan Mart."
"Fresh Classic Green Tea Bags #334","beverages",190,228,"25 bags",83,"https://images.unsplash.com/photo-1627435601361-ec25f5b1d0e5?w=500","Enjoy fresh Fresh Classic Green Tea Bags #334. High quality grocery product delivered directly to your doorstep by Vrindavan Mart."
"Fresh Butter Choco Chip Cookies #335","snacks",70,84,"150 g",84,"https://images.unsplash.com/photo-1499636136210-6f4ee915583e?w=500","Enjoy fresh Fresh Butter Choco Chip Cookies #335. High quality grocery product delivered directly to your doorstep by Vrindavan Mart."
"Fresh Refined Sunflower Oil Pouch #336","staples-grains",160,192,"1 L",85,"https://images.unsplash.com/photo-1474979266404-7eaacbcd87c5?w=500","Enjoy fresh Fresh Refined Sunflower Oil Pouch #336. High quality grocery product delivered directly to your doorstep by Vrindavan Mart."
"Organic Fresh Spinach Bunch #337","fruits-vegetables",50,60,"250 g",86,"https://images.unsplash.com/photo-1576045057995-568f588f82fb?w=500","Enjoy fresh Organic Fresh Spinach Bunch #337. High quality grocery product delivered directly to your doorstep by Vrindavan Mart."
"Natural Farm Fresh White Eggs #338","dairy-eggs",77,92,"6 pcs",87,"https://images.unsplash.com/photo-1582722872445-44dc5f7e3c8f?w=500","Enjoy fresh Natural Farm Fresh White Eggs #338. High quality grocery product delivered directly to your doorstep by Vrindavan Mart."
"Special Double Choco Chip Muffin #339","bakery",150,180,"4 pcs",88,"https://images.unsplash.com/photo-1607958996333-41aef7caefaa?w=500","Enjoy fresh Special Double Choco Chip Muffin #339. High quality grocery product delivered directly to your doorstep by Vrindavan Mart."
"Special Rich Dark Roast Coffee #340","beverages",285,342,"200 g",89,"https://images.unsplash.com/photo-1610889556528-9a770e32642f?w=500","Enjoy fresh Special Rich Dark Roast Coffee #340. High quality grocery product delivered directly to your doorstep by Vrindavan Mart."
"Deluxe Crispy Salted Potato Chips #341","snacks",70,84,"90 g",90,"https://images.unsplash.com/photo-1566478989037-eec170784d0b?w=500","Enjoy fresh Deluxe Crispy Salted Potato Chips #341. High quality grocery product delivered directly to your doorstep by Vrindavan Mart."
"Deluxe Chakki Fresh Whole Wheat Atta #342","staples-grains",280,336,"5 kg",91,"https://images.unsplash.com/photo-1509440159596-0249088772ff?w=500","Enjoy fresh Deluxe Chakki Fresh Whole Wheat Atta #342. High quality grocery product delivered directly to your doorstep by Vrindavan Mart."
"Select Crisp Shimla Apples #343","fruits-vegetables",220,264,"1 kg",92,"https://images.unsplash.com/photo-1560806887-1e4cd0b6cbd6?w=500","Enjoy fresh Select Crisp Shimla Apples #343. High quality grocery product delivered directly to your doorstep by Vrindavan Mart."
"Daily Farm Fresh White Eggs #344","dairy-eggs",107,128,"6 pcs",93,"https://images.unsplash.com/photo-1582722872445-44dc5f7e3c8f?w=500","Enjoy fresh Daily Farm Fresh White Eggs #344. High quality grocery product delivered directly to your doorstep by Vrindavan Mart."
"Classic 100% Whole Wheat Bread #345","bakery",115,138,"400 g",94,"https://images.unsplash.com/photo-1509440159596-0249088772ff?w=500","Enjoy fresh Classic 100% Whole Wheat Bread #345. High quality grocery product delivered directly to your doorstep by Vrindavan Mart."
"Classic Classic Green Tea Bags #346","beverages",175,210,"25 bags",95,"https://images.unsplash.com/photo-1627435601361-ec25f5b1d0e5?w=500","Enjoy fresh Classic Classic Green Tea Bags #346. High quality grocery product delivered directly to your doorstep by Vrindavan Mart."
"Classic Butter Choco Chip Cookies #347","snacks",55,66,"150 g",96,"https://images.unsplash.com/photo-1499636136210-6f4ee915583e?w=500","Enjoy fresh Classic Butter Choco Chip Cookies #347. High quality grocery product delivered directly to your doorstep by Vrindavan Mart."
"Classic Refined Sunflower Oil Pouch #348","staples-grains",145,174,"1 L",97,"https://images.unsplash.com/photo-1474979266404-7eaacbcd87c5?w=500","Enjoy fresh Classic Refined Sunflower Oil Pouch #348. High quality grocery product delivered directly to your doorstep by Vrindavan Mart."
"Select Green Broccoli #349","fruits-vegetables",80,96,"1 pc",98,"https://images.unsplash.com/photo-1459411621453-7b03977f4bfc?w=500","Enjoy fresh Select Green Broccoli #349. High quality grocery product delivered directly to your doorstep by Vrindavan Mart."
"Value Pack Farm Fresh White Eggs #350","dairy-eggs",62,74,"6 pcs",99,"https://images.unsplash.com/photo-1582722872445-44dc5f7e3c8f?w=500","Enjoy fresh Value Pack Farm Fresh White Eggs #350. High quality grocery product delivered directly to your doorstep by Vrindavan Mart."
"Handpicked Double Choco Chip Muffin #351","bakery",135,162,"4 pcs",100,"https://images.unsplash.com/photo-1607958996333-41aef7caefaa?w=500","Enjoy fresh Handpicked Double Choco Chip Muffin #351. High quality grocery product delivered directly to your doorstep by Vrindavan Mart."
"Handpicked Rich Dark Roast Coffee #352","beverages",270,324,"200 g",101,"https://images.unsplash.com/photo-1610889556528-9a770e32642f?w=500","Enjoy fresh Handpicked Rich Dark Roast Coffee #352. High quality grocery product delivered directly to your doorstep by Vrindavan Mart."
"Natural Crispy Salted Potato Chips #353","snacks",55,66,"90 g",102,"https://images.unsplash.com/photo-1566478989037-eec170784d0b?w=500","Enjoy fresh Natural Crispy Salted Potato Chips #353. High quality grocery product delivered directly to your doorstep by Vrindavan Mart."
"Natural Chakki Fresh Whole Wheat Atta #354","staples-grains",265,318,"5 kg",103,"https://images.unsplash.com/photo-1509440159596-0249088772ff?w=500","Enjoy fresh Natural Chakki Fresh Whole Wheat Atta #354. High quality grocery product delivered directly to your doorstep by Vrindavan Mart."
"Fresh New Crop Potatoes #355","fruits-vegetables",69,83,"1 kg",104,"https://images.unsplash.com/photo-1518977676601-b53f82aba655?w=500","Enjoy fresh Fresh New Crop Potatoes #355. High quality grocery product delivered directly to your doorstep by Vrindavan Mart."
"Super Saver Farm Fresh White Eggs #356","dairy-eggs",92,110,"6 pcs",105,"https://images.unsplash.com/photo-1582722872445-44dc5f7e3c8f?w=500","Enjoy fresh Super Saver Farm Fresh White Eggs #356. High quality grocery product delivered directly to your doorstep by Vrindavan Mart."
"Daily 100% Whole Wheat Bread #357","bakery",100,120,"400 g",106,"https://images.unsplash.com/photo-1509440159596-0249088772ff?w=500","Enjoy fresh Daily 100% Whole Wheat Bread #357. High quality grocery product delivered directly to your doorstep by Vrindavan Mart."
"Daily Classic Green Tea Bags #358","beverages",235,282,"25 bags",107,"https://images.unsplash.com/photo-1627435601361-ec25f5b1d0e5?w=500","Enjoy fresh Daily Classic Green Tea Bags #358. High quality grocery product delivered directly to your doorstep by Vrindavan Mart."
"Daily Butter Choco Chip Cookies #359","snacks",115,138,"150 g",108,"https://images.unsplash.com/photo-1499636136210-6f4ee915583e?w=500","Enjoy fresh Daily Butter Choco Chip Cookies #359. High quality grocery product delivered directly to your doorstep by Vrindavan Mart."
"Daily Refined Sunflower Oil Pouch #360","staples-grains",205,246,"1 L",109,"https://images.unsplash.com/photo-1474979266404-7eaacbcd87c5?w=500","Enjoy fresh Daily Refined Sunflower Oil Pouch #360. High quality grocery product delivered directly to your doorstep by Vrindavan Mart."
"Special Fresh Organic Tomatoes #361","fruits-vegetables",35,42,"1 kg",110,"https://images.unsplash.com/photo-1592924357228-91a4daadcfea?w=500","Enjoy fresh Special Fresh Organic Tomatoes #361. High quality grocery product delivered directly to your doorstep by Vrindavan Mart."
"Gold Farm Fresh White Eggs #362","dairy-eggs",47,56,"6 pcs",111,"https://images.unsplash.com/photo-1582722872445-44dc5f7e3c8f?w=500","Enjoy fresh Gold Farm Fresh White Eggs #362. High quality grocery product delivered directly to your doorstep by Vrindavan Mart."
"Value Pack Double Choco Chip Muffin #363","bakery",120,144,"4 pcs",112,"https://images.unsplash.com/photo-1607958996333-41aef7caefaa?w=500","Enjoy fresh Value Pack Double Choco Chip Muffin #363. High quality grocery product delivered directly to your doorstep by Vrindavan Mart."
"Value Pack Rich Dark Roast Coffee #364","beverages",255,306,"200 g",113,"https://images.unsplash.com/photo-1610889556528-9a770e32642f?w=500","Enjoy fresh Value Pack Rich Dark Roast Coffee #364. High quality grocery product delivered directly to your doorstep by Vrindavan Mart."
"Super Saver Crispy Salted Potato Chips #365","snacks",40,48,"90 g",114,"https://images.unsplash.com/photo-1566478989037-eec170784d0b?w=500","Enjoy fresh Super Saver Crispy Salted Potato Chips #365. High quality grocery product delivered directly to your doorstep by Vrindavan Mart."
"Super Saver Chakki Fresh Whole Wheat Atta #366","staples-grains",250,300,"5 kg",115,"https://images.unsplash.com/photo-1509440159596-0249088772ff?w=500","Enjoy fresh Super Saver Chakki Fresh Whole Wheat Atta #366. High quality grocery product delivered directly to your doorstep by Vrindavan Mart."
"Special Fresh Spinach Bunch #367","fruits-vegetables",50,60,"250 g",116,"https://images.unsplash.com/photo-1576045057995-568f588f82fb?w=500","Enjoy fresh Special Fresh Spinach Bunch #367. High quality grocery product delivered directly to your doorstep by Vrindavan Mart."
"Chef Edition Farm Fresh White Eggs #368","dairy-eggs",77,92,"6 pcs",117,"https://images.unsplash.com/photo-1582722872445-44dc5f7e3c8f?w=500","Enjoy fresh Chef Edition Farm Fresh White Eggs #368. High quality grocery product delivered directly to your doorstep by Vrindavan Mart."
"Gold 100% Whole Wheat Bread #369","bakery",85,102,"400 g",118,"https://images.unsplash.com/photo-1509440159596-0249088772ff?w=500","Enjoy fresh Gold 100% Whole Wheat Bread #369. High quality grocery product delivered directly to your doorstep by Vrindavan Mart."
"Gold Classic Green Tea Bags #370","beverages",220,264,"25 bags",119,"https://images.unsplash.com/photo-1627435601361-ec25f5b1d0e5?w=500","Enjoy fresh Gold Classic Green Tea Bags #370. High quality grocery product delivered directly to your doorstep by Vrindavan Mart."
"Gold Butter Choco Chip Cookies #371","snacks",100,120,"150 g",120,"https://images.unsplash.com/photo-1499636136210-6f4ee915583e?w=500","Enjoy fresh Gold Butter Choco Chip Cookies #371. High quality grocery product delivered directly to your doorstep by Vrindavan Mart."
"Gold Refined Sunflower Oil Pouch #372","staples-grains",190,228,"1 L",121,"https://images.unsplash.com/photo-1474979266404-7eaacbcd87c5?w=500","Enjoy fresh Gold Refined Sunflower Oil Pouch #372. High quality grocery product delivered directly to your doorstep by Vrindavan Mart."
"Deluxe Crisp Shimla Apples #373","fruits-vegetables",220,264,"1 kg",122,"https://images.unsplash.com/photo-1560806887-1e4cd0b6cbd6?w=500","Enjoy fresh Deluxe Crisp Shimla Apples #373. High quality grocery product delivered directly to your doorstep by Vrindavan Mart."
"Local Sourced Farm Fresh White Eggs #374","dairy-eggs",107,128,"6 pcs",123,"https://images.unsplash.com/photo-1582722872445-44dc5f7e3c8f?w=500","Enjoy fresh Local Sourced Farm Fresh White Eggs #374. High quality grocery product delivered directly to your doorstep by Vrindavan Mart."
"Chef Edition Double Choco Chip Muffin #375","bakery",180,216,"4 pcs",124,"https://images.unsplash.com/photo-1607958996333-41aef7caefaa?w=500","Enjoy fresh Chef Edition Double Choco Chip Muffin #375. High quality grocery product delivered directly to your doorstep by Vrindavan Mart."
"Chef Edition Rich Dark Roast Coffee #376","beverages",240,288,"200 g",125,"https://images.unsplash.com/photo-1610889556528-9a770e32642f?w=500","Enjoy fresh Chef Edition Rich Dark Roast Coffee #376. High quality grocery product delivered directly to your doorstep by Vrindavan Mart."
"Local Sourced Crispy Salted Potato Chips #377","snacks",25,30,"90 g",126,"https://images.unsplash.com/photo-1566478989037-eec170784d0b?w=500","Enjoy fresh Local Sourced Crispy Salted Potato Chips #377. High quality grocery product delivered directly to your doorstep by Vrindavan Mart."
"Local Sourced Chakki Fresh Whole Wheat Atta #378","staples-grains",235,282,"5 kg",127,"https://images.unsplash.com/photo-1509440159596-0249088772ff?w=500","Enjoy fresh Local Sourced Chakki Fresh Whole Wheat Atta #378. High quality grocery product delivered directly to your doorstep by Vrindavan Mart."
"Deluxe Green Broccoli #379","fruits-vegetables",80,96,"1 pc",128,"https://images.unsplash.com/photo-1459411621453-7b03977f4bfc?w=500","Enjoy fresh Deluxe Green Broccoli #379. High quality grocery product delivered directly to your doorstep by Vrindavan Mart."
"Farm Fresh Farm Fresh White Eggs #380","dairy-eggs",62,74,"6 pcs",129,"https://images.unsplash.com/photo-1582722872445-44dc5f7e3c8f?w=500","Enjoy fresh Farm Fresh Farm Fresh White Eggs #380. High quality grocery product delivered directly to your doorstep by Vrindavan Mart."
"Farm Fresh 100% Whole Wheat Bread #381","bakery",70,84,"400 g",130,"https://images.unsplash.com/photo-1509440159596-0249088772ff?w=500","Enjoy fresh Farm Fresh 100% Whole Wheat Bread #381. High quality grocery product delivered directly to your doorstep by Vrindavan Mart."
"Farm Fresh Classic Green Tea Bags #382","beverages",205,246,"25 bags",131,"https://images.unsplash.com/photo-1627435601361-ec25f5b1d0e5?w=500","Enjoy fresh Farm Fresh Classic Green Tea Bags #382. High quality grocery product delivered directly to your doorstep by Vrindavan Mart."
"Farm Fresh Butter Choco Chip Cookies #383","snacks",85,102,"150 g",132,"https://images.unsplash.com/photo-1499636136210-6f4ee915583e?w=500","Enjoy fresh Farm Fresh Butter Choco Chip Cookies #383. High quality grocery product delivered directly to your doorstep by Vrindavan Mart."
"Farm Fresh Refined Sunflower Oil Pouch #384","staples-grains",175,210,"1 L",133,"https://images.unsplash.com/photo-1474979266404-7eaacbcd87c5?w=500","Enjoy fresh Farm Fresh Refined Sunflower Oil Pouch #384. High quality grocery product delivered directly to your doorstep by Vrindavan Mart."
"Classic New Crop Potatoes #385","fruits-vegetables",69,83,"1 kg",134,"https://images.unsplash.com/photo-1518977676601-b53f82aba655?w=500","Enjoy fresh Classic New Crop Potatoes #385. High quality grocery product delivered directly to your doorstep by Vrindavan Mart."
"Premium Farm Fresh White Eggs #386","dairy-eggs",92,110,"6 pcs",135,"https://images.unsplash.com/photo-1582722872445-44dc5f7e3c8f?w=500","Enjoy fresh Premium Farm Fresh White Eggs #386. High quality grocery product delivered directly to your doorstep by Vrindavan Mart."
"Premium Double Choco Chip Muffin #387","bakery",165,198,"4 pcs",136,"https://images.unsplash.com/photo-1607958996333-41aef7caefaa?w=500","Enjoy fresh Premium Double Choco Chip Muffin #387. High quality grocery product delivered directly to your doorstep by Vrindavan Mart."
"Premium Rich Dark Roast Coffee #388","beverages",300,360,"200 g",137,"https://images.unsplash.com/photo-1610889556528-9a770e32642f?w=500","Enjoy fresh Premium Rich Dark Roast Coffee #388. High quality grocery product delivered directly to your doorstep by Vrindavan Mart."
"Organic Crispy Salted Potato Chips #389","snacks",85,102,"90 g",138,"https://images.unsplash.com/photo-1566478989037-eec170784d0b?w=500","Enjoy fresh Organic Crispy Salted Potato Chips #389. High quality grocery product delivered directly to your doorstep by Vrindavan Mart."
"Organic Chakki Fresh Whole Wheat Atta #390","staples-grains",295,354,"5 kg",139,"https://images.unsplash.com/photo-1509440159596-0249088772ff?w=500","Enjoy fresh Organic Chakki Fresh Whole Wheat Atta #390. High quality grocery product delivered directly to your doorstep by Vrindavan Mart."
"Handpicked Fresh Organic Tomatoes #391","fruits-vegetables",35,42,"1 kg",140,"https://images.unsplash.com/photo-1592924357228-91a4daadcfea?w=500","Enjoy fresh Handpicked Fresh Organic Tomatoes #391. High quality grocery product delivered directly to your doorstep by Vrindavan Mart."
"Organic Farm Fresh White Eggs #392","dairy-eggs",47,56,"6 pcs",141,"https://images.unsplash.com/photo-1582722872445-44dc5f7e3c8f?w=500","Enjoy fresh Organic Farm Fresh White Eggs #392. High quality grocery product delivered directly to your doorstep by Vrindavan Mart."
"Select 100% Whole Wheat Bread #393","bakery",55,66,"400 g",142,"https://images.unsplash.com/photo-1509440159596-0249088772ff?w=500","Enjoy fresh Select 100% Whole Wheat Bread #393. High quality grocery product delivered directly to your doorstep by Vrindavan Mart."
"Select Classic Green Tea Bags #394","beverages",190,228,"25 bags",143,"https://images.unsplash.com/photo-1627435601361-ec25f5b1d0e5?w=500","Enjoy fresh Select Classic Green Tea Bags #394. High quality grocery product delivered directly to your doorstep by Vrindavan Mart."
"Select Butter Choco Chip Cookies #395","snacks",70,84,"150 g",144,"https://images.unsplash.com/photo-1499636136210-6f4ee915583e?w=500","Enjoy fresh Select Butter Choco Chip Cookies #395. High quality grocery product delivered directly to your doorstep by Vrindavan Mart."
"Select Refined Sunflower Oil Pouch #396","staples-grains",160,192,"1 L",145,"https://images.unsplash.com/photo-1474979266404-7eaacbcd87c5?w=500","Enjoy fresh Select Refined Sunflower Oil Pouch #396. High quality grocery product delivered directly to your doorstep by Vrindavan Mart."
"Handpicked Fresh Spinach Bunch #397","fruits-vegetables",50,60,"250 g",146,"https://images.unsplash.com/photo-1576045057995-568f588f82fb?w=500","Enjoy fresh Handpicked Fresh Spinach Bunch #397. High quality grocery product delivered directly to your doorstep by Vrindavan Mart."
"Select Farm Fresh White Eggs #398","dairy-eggs",77,92,"6 pcs",147,"https://images.unsplash.com/photo-1582722872445-44dc5f7e3c8f?w=500","Enjoy fresh Select Farm Fresh White Eggs #398. High quality grocery product delivered directly to your doorstep by Vrindavan Mart."
"Fresh Double Choco Chip Muffin #399","bakery",150,180,"4 pcs",148,"https://images.unsplash.com/photo-1607958996333-41aef7caefaa?w=500","Enjoy fresh Fresh Double Choco Chip Muffin #399. High quality grocery product delivered directly to your doorstep by Vrindavan Mart."
"Fresh Rich Dark Roast Coffee #400","beverages",285,342,"200 g",149,"https://images.unsplash.com/photo-1610889556528-9a770e32642f?w=500","Enjoy fresh Fresh Rich Dark Roast Coffee #400. High quality grocery product delivered directly to your doorstep by Vrindavan Mart."
"Special Crispy Salted Potato Chips #401","snacks",70,84,"90 g",150,"https://images.unsplash.com/photo-1566478989037-eec170784d0b?w=500","Enjoy fresh Special Crispy Salted Potato Chips #401. High quality grocery product delivered directly to your doorstep by Vrindavan Mart."
"Special Chakki Fresh Whole Wheat Atta #402","staples-grains",280,336,"5 kg",151,"https://images.unsplash.com/photo-1509440159596-0249088772ff?w=500","Enjoy fresh Special Chakki Fresh Whole Wheat Atta #402. High quality grocery product delivered directly to your doorstep by Vrindavan Mart."
"Natural Crisp Shimla Apples #403","fruits-vegetables",220,264,"1 kg",152,"https://images.unsplash.com/photo-1560806887-1e4cd0b6cbd6?w=500","Enjoy fresh Natural Crisp Shimla Apples #403. High quality grocery product delivered directly to your doorstep by Vrindavan Mart."
"Fresh Farm Fresh White Eggs #404","dairy-eggs",107,128,"6 pcs",153,"https://images.unsplash.com/photo-1582722872445-44dc5f7e3c8f?w=500","Enjoy fresh Fresh Farm Fresh White Eggs #404. High quality grocery product delivered directly to your doorstep by Vrindavan Mart."
"Deluxe 100% Whole Wheat Bread #405","bakery",115,138,"400 g",154,"https://images.unsplash.com/photo-1509440159596-0249088772ff?w=500","Enjoy fresh Deluxe 100% Whole Wheat Bread #405. High quality grocery product delivered directly to your doorstep by Vrindavan Mart."
"Deluxe Classic Green Tea Bags #406","beverages",175,210,"25 bags",155,"https://images.unsplash.com/photo-1627435601361-ec25f5b1d0e5?w=500","Enjoy fresh Deluxe Classic Green Tea Bags #406. High quality grocery product delivered directly to your doorstep by Vrindavan Mart."
"Deluxe Butter Choco Chip Cookies #407","snacks",55,66,"150 g",156,"https://images.unsplash.com/photo-1499636136210-6f4ee915583e?w=500","Enjoy fresh Deluxe Butter Choco Chip Cookies #407. High quality grocery product delivered directly to your doorstep by Vrindavan Mart."
"Deluxe Refined Sunflower Oil Pouch #408","staples-grains",145,174,"1 L",157,"https://images.unsplash.com/photo-1474979266404-7eaacbcd87c5?w=500","Enjoy fresh Deluxe Refined Sunflower Oil Pouch #408. High quality grocery product delivered directly to your doorstep by Vrindavan Mart."
"Natural Green Broccoli #409","fruits-vegetables",80,96,"1 pc",158,"https://images.unsplash.com/photo-1459411621453-7b03977f4bfc?w=500","Enjoy fresh Natural Green Broccoli #409. High quality grocery product delivered directly to your doorstep by Vrindavan Mart."
"Special Farm Fresh White Eggs #410","dairy-eggs",62,74,"6 pcs",159,"https://images.unsplash.com/photo-1582722872445-44dc5f7e3c8f?w=500","Enjoy fresh Special Farm Fresh White Eggs #410. High quality grocery product delivered directly to your doorstep by Vrindavan Mart."
"Classic Double Choco Chip Muffin #411","bakery",135,162,"4 pcs",160,"https://images.unsplash.com/photo-1607958996333-41aef7caefaa?w=500","Enjoy fresh Classic Double Choco Chip Muffin #411. High quality grocery product delivered directly to your doorstep by Vrindavan Mart."
"Classic Rich Dark Roast Coffee #412","beverages",270,324,"200 g",161,"https://images.unsplash.com/photo-1610889556528-9a770e32642f?w=500","Enjoy fresh Classic Rich Dark Roast Coffee #412. High quality grocery product delivered directly to your doorstep by Vrindavan Mart."
"Handpicked Crispy Salted Potato Chips #413","snacks",55,66,"90 g",162,"https://images.unsplash.com/photo-1566478989037-eec170784d0b?w=500","Enjoy fresh Handpicked Crispy Salted Potato Chips #413. High quality grocery product delivered directly to your doorstep by Vrindavan Mart."
"Handpicked Chakki Fresh Whole Wheat Atta #414","staples-grains",265,318,"5 kg",163,"https://images.unsplash.com/photo-1509440159596-0249088772ff?w=500","Enjoy fresh Handpicked Chakki Fresh Whole Wheat Atta #414. High quality grocery product delivered directly to your doorstep by Vrindavan Mart."
"Daily New Crop Potatoes #415","fruits-vegetables",69,83,"1 kg",164,"https://images.unsplash.com/photo-1518977676601-b53f82aba655?w=500","Enjoy fresh Daily New Crop Potatoes #415. High quality grocery product delivered directly to your doorstep by Vrindavan Mart."
"Deluxe Farm Fresh White Eggs #416","dairy-eggs",92,110,"6 pcs",165,"https://images.unsplash.com/photo-1582722872445-44dc5f7e3c8f?w=500","Enjoy fresh Deluxe Farm Fresh White Eggs #416. High quality grocery product delivered directly to your doorstep by Vrindavan Mart."
"Natural 100% Whole Wheat Bread #417","bakery",100,120,"400 g",166,"https://images.unsplash.com/photo-1509440159596-0249088772ff?w=500","Enjoy fresh Natural 100% Whole Wheat Bread #417. High quality grocery product delivered directly to your doorstep by Vrindavan Mart."
"Natural Classic Green Tea Bags #418","beverages",235,282,"25 bags",167,"https://images.unsplash.com/photo-1627435601361-ec25f5b1d0e5?w=500","Enjoy fresh Natural Classic Green Tea Bags #418. High quality grocery product delivered directly to your doorstep by Vrindavan Mart."
"Natural Butter Choco Chip Cookies #419","snacks",115,138,"150 g",168,"https://images.unsplash.com/photo-1499636136210-6f4ee915583e?w=500","Enjoy fresh Natural Butter Choco Chip Cookies #419. High quality grocery product delivered directly to your doorstep by Vrindavan Mart."
"Natural Refined Sunflower Oil Pouch #420","staples-grains",205,246,"1 L",169,"https://images.unsplash.com/photo-1474979266404-7eaacbcd87c5?w=500","Enjoy fresh Natural Refined Sunflower Oil Pouch #420. High quality grocery product delivered directly to your doorstep by Vrindavan Mart."
"Value Pack Fresh Organic Tomatoes #421","fruits-vegetables",35,42,"1 kg",170,"https://images.unsplash.com/photo-1592924357228-91a4daadcfea?w=500","Enjoy fresh Value Pack Fresh Organic Tomatoes #421. High quality grocery product delivered directly to your doorstep by Vrindavan Mart."
"Classic Farm Fresh White Eggs #422","dairy-eggs",47,56,"6 pcs",171,"https://images.unsplash.com/photo-1582722872445-44dc5f7e3c8f?w=500","Enjoy fresh Classic Farm Fresh White Eggs #422. High quality grocery product delivered directly to your doorstep by Vrindavan Mart."
"Daily Double Choco Chip Muffin #423","bakery",120,144,"4 pcs",172,"https://images.unsplash.com/photo-1607958996333-41aef7caefaa?w=500","Enjoy fresh Daily Double Choco Chip Muffin #423. High quality grocery product delivered directly to your doorstep by Vrindavan Mart."
"Daily Rich Dark Roast Coffee #424","beverages",255,306,"200 g",173,"https://images.unsplash.com/photo-1610889556528-9a770e32642f?w=500","Enjoy fresh Daily Rich Dark Roast Coffee #424. High quality grocery product delivered directly to your doorstep by Vrindavan Mart."
"Value Pack Crispy Salted Potato Chips #425","snacks",40,48,"90 g",174,"https://images.unsplash.com/photo-1566478989037-eec170784d0b?w=500","Enjoy fresh Value Pack Crispy Salted Potato Chips #425. High quality grocery product delivered directly to your doorstep by Vrindavan Mart."
"Value Pack Chakki Fresh Whole Wheat Atta #426","staples-grains",250,300,"5 kg",175,"https://images.unsplash.com/photo-1509440159596-0249088772ff?w=500","Enjoy fresh Value Pack Chakki Fresh Whole Wheat Atta #426. High quality grocery product delivered directly to your doorstep by Vrindavan Mart."
"Value Pack Fresh Spinach Bunch #427","fruits-vegetables",50,60,"250 g",176,"https://images.unsplash.com/photo-1576045057995-568f588f82fb?w=500","Enjoy fresh Value Pack Fresh Spinach Bunch #427. High quality grocery product delivered directly to your doorstep by Vrindavan Mart."
"Handpicked Farm Fresh White Eggs #428","dairy-eggs",77,92,"6 pcs",177,"https://images.unsplash.com/photo-1582722872445-44dc5f7e3c8f?w=500","Enjoy fresh Handpicked Farm Fresh White Eggs #428. High quality grocery product delivered directly to your doorstep by Vrindavan Mart."
"Super Saver 100% Whole Wheat Bread #429","bakery",85,102,"400 g",178,"https://images.unsplash.com/photo-1509440159596-0249088772ff?w=500","Enjoy fresh Super Saver 100% Whole Wheat Bread #429. High quality grocery product delivered directly to your doorstep by Vrindavan Mart."
"Super Saver Classic Green Tea Bags #430","beverages",220,264,"25 bags",179,"https://images.unsplash.com/photo-1627435601361-ec25f5b1d0e5?w=500","Enjoy fresh Super Saver Classic Green Tea Bags #430. High quality grocery product delivered directly to your doorstep by Vrindavan Mart."
"Super Saver Butter Choco Chip Cookies #431","snacks",100,120,"150 g",180,"https://images.unsplash.com/photo-1499636136210-6f4ee915583e?w=500","Enjoy fresh Super Saver Butter Choco Chip Cookies #431. High quality grocery product delivered directly to your doorstep by Vrindavan Mart."
"Super Saver Refined Sunflower Oil Pouch #432","staples-grains",190,228,"1 L",181,"https://images.unsplash.com/photo-1474979266404-7eaacbcd87c5?w=500","Enjoy fresh Super Saver Refined Sunflower Oil Pouch #432. High quality grocery product delivered directly to your doorstep by Vrindavan Mart."
"Super Saver Crisp Shimla Apples #433","fruits-vegetables",220,264,"1 kg",182,"https://images.unsplash.com/photo-1560806887-1e4cd0b6cbd6?w=500","Enjoy fresh Super Saver Crisp Shimla Apples #433. High quality grocery product delivered directly to your doorstep by Vrindavan Mart."
"Natural Farm Fresh White Eggs #434","dairy-eggs",107,128,"6 pcs",183,"https://images.unsplash.com/photo-1582722872445-44dc5f7e3c8f?w=500","Enjoy fresh Natural Farm Fresh White Eggs #434. High quality grocery product delivered directly to your doorstep by Vrindavan Mart."
"Gold Double Choco Chip Muffin #435","bakery",180,216,"4 pcs",184,"https://images.unsplash.com/photo-1607958996333-41aef7caefaa?w=500","Enjoy fresh Gold Double Choco Chip Muffin #435. High quality grocery product delivered directly to your doorstep by Vrindavan Mart."
"Gold Rich Dark Roast Coffee #436","beverages",240,288,"200 g",185,"https://images.unsplash.com/photo-1610889556528-9a770e32642f?w=500","Enjoy fresh Gold Rich Dark Roast Coffee #436. High quality grocery product delivered directly to your doorstep by Vrindavan Mart."
"Chef Edition Crispy Salted Potato Chips #437","snacks",25,30,"90 g",186,"https://images.unsplash.com/photo-1566478989037-eec170784d0b?w=500","Enjoy fresh Chef Edition Crispy Salted Potato Chips #437. High quality grocery product delivered directly to your doorstep by Vrindavan Mart."
"Chef Edition Chakki Fresh Whole Wheat Atta #438","staples-grains",235,282,"5 kg",187,"https://images.unsplash.com/photo-1509440159596-0249088772ff?w=500","Enjoy fresh Chef Edition Chakki Fresh Whole Wheat Atta #438. High quality grocery product delivered directly to your doorstep by Vrindavan Mart."
"Super Saver Green Broccoli #439","fruits-vegetables",80,96,"1 pc",188,"https://images.unsplash.com/photo-1459411621453-7b03977f4bfc?w=500","Enjoy fresh Super Saver Green Broccoli #439. High quality grocery product delivered directly to your doorstep by Vrindavan Mart."
"Daily Farm Fresh White Eggs #440","dairy-eggs",62,74,"6 pcs",189,"https://images.unsplash.com/photo-1582722872445-44dc5f7e3c8f?w=500","Enjoy fresh Daily Farm Fresh White Eggs #440. High quality grocery product delivered directly to your doorstep by Vrindavan Mart."
"Local Sourced 100% Whole Wheat Bread #441","bakery",70,84,"400 g",190,"https://images.unsplash.com/photo-1509440159596-0249088772ff?w=500","Enjoy fresh Local Sourced 100% Whole Wheat Bread #441. High quality grocery product delivered directly to your doorstep by Vrindavan Mart."
"Local Sourced Classic Green Tea Bags #442","beverages",205,246,"25 bags",191,"https://images.unsplash.com/photo-1627435601361-ec25f5b1d0e5?w=500","Enjoy fresh Local Sourced Classic Green Tea Bags #442. High quality grocery product delivered directly to your doorstep by Vrindavan Mart."
"Local Sourced Butter Choco Chip Cookies #443","snacks",85,102,"150 g",192,"https://images.unsplash.com/photo-1499636136210-6f4ee915583e?w=500","Enjoy fresh Local Sourced Butter Choco Chip Cookies #443. High quality grocery product delivered directly to your doorstep by Vrindavan Mart."
"Local Sourced Refined Sunflower Oil Pouch #444","staples-grains",175,210,"1 L",193,"https://images.unsplash.com/photo-1474979266404-7eaacbcd87c5?w=500","Enjoy fresh Local Sourced Refined Sunflower Oil Pouch #444. High quality grocery product delivered directly to your doorstep by Vrindavan Mart."
"Gold New Crop Potatoes #445","fruits-vegetables",69,83,"1 kg",194,"https://images.unsplash.com/photo-1518977676601-b53f82aba655?w=500","Enjoy fresh Gold New Crop Potatoes #445. High quality grocery product delivered directly to your doorstep by Vrindavan Mart."
"Value Pack Farm Fresh White Eggs #446","dairy-eggs",92,110,"6 pcs",195,"https://images.unsplash.com/photo-1582722872445-44dc5f7e3c8f?w=500","Enjoy fresh Value Pack Farm Fresh White Eggs #446. High quality grocery product delivered directly to your doorstep by Vrindavan Mart."
"Farm Fresh Double Choco Chip Muffin #447","bakery",165,198,"4 pcs",196,"https://images.unsplash.com/photo-1607958996333-41aef7caefaa?w=500","Enjoy fresh Farm Fresh Double Choco Chip Muffin #447. High quality grocery product delivered directly to your doorstep by Vrindavan Mart."
"Farm Fresh Rich Dark Roast Coffee #448","beverages",300,360,"200 g",197,"https://images.unsplash.com/photo-1610889556528-9a770e32642f?w=500","Enjoy fresh Farm Fresh Rich Dark Roast Coffee #448. High quality grocery product delivered directly to your doorstep by Vrindavan Mart."
"Premium Crispy Salted Potato Chips #449","snacks",85,102,"90 g",198,"https://images.unsplash.com/photo-1566478989037-eec170784d0b?w=500","Enjoy fresh Premium Crispy Salted Potato Chips #449. High quality grocery product delivered directly to your doorstep by Vrindavan Mart."
"Premium Chakki Fresh Whole Wheat Atta #450","staples-grains",295,354,"5 kg",199,"https://images.unsplash.com/photo-1509440159596-0249088772ff?w=500","Enjoy fresh Premium Chakki Fresh Whole Wheat Atta #450. High quality grocery product delivered directly to your doorstep by Vrindavan Mart."
"Chef Edition Fresh Organic Tomatoes #451","fruits-vegetables",35,42,"1 kg",50,"https://images.unsplash.com/photo-1592924357228-91a4daadcfea?w=500","Enjoy fresh Chef Edition Fresh Organic Tomatoes #451. High quality grocery product delivered directly to your doorstep by Vrindavan Mart."
"Super Saver Farm Fresh White Eggs #452","dairy-eggs",47,56,"6 pcs",51,"https://images.unsplash.com/photo-1582722872445-44dc5f7e3c8f?w=500","Enjoy fresh Super Saver Farm Fresh White Eggs #452. High quality grocery product delivered directly to your doorstep by Vrindavan Mart."
"Organic 100% Whole Wheat Bread #453","bakery",55,66,"400 g",52,"https://images.unsplash.com/photo-1509440159596-0249088772ff?w=500","Enjoy fresh Organic 100% Whole Wheat Bread #453. High quality grocery product delivered directly to your doorstep by Vrindavan Mart."
"Organic Classic Green Tea Bags #454","beverages",190,228,"25 bags",53,"https://images.unsplash.com/photo-1627435601361-ec25f5b1d0e5?w=500","Enjoy fresh Organic Classic Green Tea Bags #454. High quality grocery product delivered directly to your doorstep by Vrindavan Mart."
"Organic Butter Choco Chip Cookies #455","snacks",70,84,"150 g",54,"https://images.unsplash.com/photo-1499636136210-6f4ee915583e?w=500","Enjoy fresh Organic Butter Choco Chip Cookies #455. High quality grocery product delivered directly to your doorstep by Vrindavan Mart."
"Organic Refined Sunflower Oil Pouch #456","staples-grains",160,192,"1 L",55,"https://images.unsplash.com/photo-1474979266404-7eaacbcd87c5?w=500","Enjoy fresh Organic Refined Sunflower Oil Pouch #456. High quality grocery product delivered directly to your doorstep by Vrindavan Mart."
"Chef Edition Fresh Spinach Bunch #457","fruits-vegetables",50,60,"250 g",56,"https://images.unsplash.com/photo-1576045057995-568f588f82fb?w=500","Enjoy fresh Chef Edition Fresh Spinach Bunch #457. High quality grocery product delivered directly to your doorstep by Vrindavan Mart."
"Gold Farm Fresh White Eggs #458","dairy-eggs",77,92,"6 pcs",57,"https://images.unsplash.com/photo-1582722872445-44dc5f7e3c8f?w=500","Enjoy fresh Gold Farm Fresh White Eggs #458. High quality grocery product delivered directly to your doorstep by Vrindavan Mart."
"Select Double Choco Chip Muffin #459","bakery",150,180,"4 pcs",58,"https://images.unsplash.com/photo-1607958996333-41aef7caefaa?w=500","Enjoy fresh Select Double Choco Chip Muffin #459. High quality grocery product delivered directly to your doorstep by Vrindavan Mart."
"Select Rich Dark Roast Coffee #460","beverages",285,342,"200 g",59,"https://images.unsplash.com/photo-1610889556528-9a770e32642f?w=500","Enjoy fresh Select Rich Dark Roast Coffee #460. High quality grocery product delivered directly to your doorstep by Vrindavan Mart."
"Fresh Crispy Salted Potato Chips #461","snacks",70,84,"90 g",60,"https://images.unsplash.com/photo-1566478989037-eec170784d0b?w=500","Enjoy fresh Fresh Crispy Salted Potato Chips #461. High quality grocery product delivered directly to your doorstep by Vrindavan Mart."
"Fresh Chakki Fresh Whole Wheat Atta #462","staples-grains",280,336,"5 kg",61,"https://images.unsplash.com/photo-1509440159596-0249088772ff?w=500","Enjoy fresh Fresh Chakki Fresh Whole Wheat Atta #462. High quality grocery product delivered directly to your doorstep by Vrindavan Mart."
"Local Sourced Crisp Shimla Apples #463","fruits-vegetables",220,264,"1 kg",62,"https://images.unsplash.com/photo-1560806887-1e4cd0b6cbd6?w=500","Enjoy fresh Local Sourced Crisp Shimla Apples #463. High quality grocery product delivered directly to your doorstep by Vrindavan Mart."
"Chef Edition Farm Fresh White Eggs #464","dairy-eggs",107,128,"6 pcs",63,"https://images.unsplash.com/photo-1582722872445-44dc5f7e3c8f?w=500","Enjoy fresh Chef Edition Farm Fresh White Eggs #464. High quality grocery product delivered directly to your doorstep by Vrindavan Mart."
"Special 100% Whole Wheat Bread #465","bakery",115,138,"400 g",64,"https://images.unsplash.com/photo-1509440159596-0249088772ff?w=500","Enjoy fresh Special 100% Whole Wheat Bread #465. High quality grocery product delivered directly to your doorstep by Vrindavan Mart."
"Special Classic Green Tea Bags #466","beverages",175,210,"25 bags",65,"https://images.unsplash.com/photo-1627435601361-ec25f5b1d0e5?w=500","Enjoy fresh Special Classic Green Tea Bags #466. High quality grocery product delivered directly to your doorstep by Vrindavan Mart."
"Special Butter Choco Chip Cookies #467","snacks",55,66,"150 g",66,"https://images.unsplash.com/photo-1499636136210-6f4ee915583e?w=500","Enjoy fresh Special Butter Choco Chip Cookies #467. High quality grocery product delivered directly to your doorstep by Vrindavan Mart."
"Special Refined Sunflower Oil Pouch #468","staples-grains",145,174,"1 L",67,"https://images.unsplash.com/photo-1474979266404-7eaacbcd87c5?w=500","Enjoy fresh Special Refined Sunflower Oil Pouch #468. High quality grocery product delivered directly to your doorstep by Vrindavan Mart."
"Local Sourced Green Broccoli #469","fruits-vegetables",80,96,"1 pc",68,"https://images.unsplash.com/photo-1459411621453-7b03977f4bfc?w=500","Enjoy fresh Local Sourced Green Broccoli #469. High quality grocery product delivered directly to your doorstep by Vrindavan Mart."
"Local Sourced Farm Fresh White Eggs #470","dairy-eggs",62,74,"6 pcs",69,"https://images.unsplash.com/photo-1582722872445-44dc5f7e3c8f?w=500","Enjoy fresh Local Sourced Farm Fresh White Eggs #470. High quality grocery product delivered directly to your doorstep by Vrindavan Mart."
"Deluxe Double Choco Chip Muffin #471","bakery",135,162,"4 pcs",70,"https://images.unsplash.com/photo-1607958996333-41aef7caefaa?w=500","Enjoy fresh Deluxe Double Choco Chip Muffin #471. High quality grocery product delivered directly to your doorstep by Vrindavan Mart."
"Deluxe Rich Dark Roast Coffee #472","beverages",270,324,"200 g",71,"https://images.unsplash.com/photo-1610889556528-9a770e32642f?w=500","Enjoy fresh Deluxe Rich Dark Roast Coffee #472. High quality grocery product delivered directly to your doorstep by Vrindavan Mart."
"Classic Crispy Salted Potato Chips #473","snacks",55,66,"90 g",72,"https://images.unsplash.com/photo-1566478989037-eec170784d0b?w=500","Enjoy fresh Classic Crispy Salted Potato Chips #473. High quality grocery product delivered directly to your doorstep by Vrindavan Mart."
"Classic Chakki Fresh Whole Wheat Atta #474","staples-grains",265,318,"5 kg",73,"https://images.unsplash.com/photo-1509440159596-0249088772ff?w=500","Enjoy fresh Classic Chakki Fresh Whole Wheat Atta #474. High quality grocery product delivered directly to your doorstep by Vrindavan Mart."
"Farm Fresh New Crop Potatoes #475","fruits-vegetables",69,83,"1 kg",74,"https://images.unsplash.com/photo-1518977676601-b53f82aba655?w=500","Enjoy fresh Farm Fresh New Crop Potatoes #475. High quality grocery product delivered directly to your doorstep by Vrindavan Mart."
"Farm Fresh Farm Fresh White Eggs #476","dairy-eggs",92,110,"6 pcs",75,"https://images.unsplash.com/photo-1582722872445-44dc5f7e3c8f?w=500","Enjoy fresh Farm Fresh Farm Fresh White Eggs #476. High quality grocery product delivered directly to your doorstep by Vrindavan Mart."
"Handpicked 100% Whole Wheat Bread #477","bakery",100,120,"400 g",76,"https://images.unsplash.com/photo-1509440159596-0249088772ff?w=500","Enjoy fresh Handpicked 100% Whole Wheat Bread #477. High quality grocery product delivered directly to your doorstep by Vrindavan Mart."
"Handpicked Classic Green Tea Bags #478","beverages",235,282,"25 bags",77,"https://images.unsplash.com/photo-1627435601361-ec25f5b1d0e5?w=500","Enjoy fresh Handpicked Classic Green Tea Bags #478. High quality grocery product delivered directly to your doorstep by Vrindavan Mart."
"Handpicked Butter Choco Chip Cookies #479","snacks",115,138,"150 g",78,"https://images.unsplash.com/photo-1499636136210-6f4ee915583e?w=500","Enjoy fresh Handpicked Butter Choco Chip Cookies #479. High quality grocery product delivered directly to your doorstep by Vrindavan Mart."
"Handpicked Refined Sunflower Oil Pouch #480","staples-grains",205,246,"1 L",79,"https://images.unsplash.com/photo-1474979266404-7eaacbcd87c5?w=500","Enjoy fresh Handpicked Refined Sunflower Oil Pouch #480. High quality grocery product delivered directly to your doorstep by Vrindavan Mart."
"Premium Fresh Organic Tomatoes #481","fruits-vegetables",35,42,"1 kg",80,"https://images.unsplash.com/photo-1592924357228-91a4daadcfea?w=500","Enjoy fresh Premium Fresh Organic Tomatoes #481. High quality grocery product delivered directly to your doorstep by Vrindavan Mart."
"Premium Farm Fresh White Eggs #482","dairy-eggs",47,56,"6 pcs",81,"https://images.unsplash.com/photo-1582722872445-44dc5f7e3c8f?w=500","Enjoy fresh Premium Farm Fresh White Eggs #482. High quality grocery product delivered directly to your doorstep by Vrindavan Mart."
"Natural Double Choco Chip Muffin #483","bakery",120,144,"4 pcs",82,"https://images.unsplash.com/photo-1607958996333-41aef7caefaa?w=500","Enjoy fresh Natural Double Choco Chip Muffin #483. High quality grocery product delivered directly to your doorstep by Vrindavan Mart."
"Natural Rich Dark Roast Coffee #484","beverages",255,306,"200 g",83,"https://images.unsplash.com/photo-1610889556528-9a770e32642f?w=500","Enjoy fresh Natural Rich Dark Roast Coffee #484. High quality grocery product delivered directly to your doorstep by Vrindavan Mart."
"Daily Crispy Salted Potato Chips #485","snacks",40,48,"90 g",84,"https://images.unsplash.com/photo-1566478989037-eec170784d0b?w=500","Enjoy fresh Daily Crispy Salted Potato Chips #485. High quality grocery product delivered directly to your doorstep by Vrindavan Mart."
"Daily Chakki Fresh Whole Wheat Atta #486","staples-grains",250,300,"5 kg",85,"https://images.unsplash.com/photo-1509440159596-0249088772ff?w=500","Enjoy fresh Daily Chakki Fresh Whole Wheat Atta #486. High quality grocery product delivered directly to your doorstep by Vrindavan Mart."
"Premium Fresh Spinach Bunch #487","fruits-vegetables",50,60,"250 g",86,"https://images.unsplash.com/photo-1576045057995-568f588f82fb?w=500","Enjoy fresh Premium Fresh Spinach Bunch #487. High quality grocery product delivered directly to your doorstep by Vrindavan Mart."
"Organic Farm Fresh White Eggs #488","dairy-eggs",77,92,"6 pcs",87,"https://images.unsplash.com/photo-1582722872445-44dc5f7e3c8f?w=500","Enjoy fresh Organic Farm Fresh White Eggs #488. High quality grocery product delivered directly to your doorstep by Vrindavan Mart."
"Value Pack 100% Whole Wheat Bread #489","bakery",85,102,"400 g",88,"https://images.unsplash.com/photo-1509440159596-0249088772ff?w=500","Enjoy fresh Value Pack 100% Whole Wheat Bread #489. High quality grocery product delivered directly to your doorstep by Vrindavan Mart."
"Value Pack Classic Green Tea Bags #490","beverages",220,264,"25 bags",89,"https://images.unsplash.com/photo-1627435601361-ec25f5b1d0e5?w=500","Enjoy fresh Value Pack Classic Green Tea Bags #490. High quality grocery product delivered directly to your doorstep by Vrindavan Mart."
"Value Pack Butter Choco Chip Cookies #491","snacks",100,120,"150 g",90,"https://images.unsplash.com/photo-1499636136210-6f4ee915583e?w=500","Enjoy fresh Value Pack Butter Choco Chip Cookies #491. High quality grocery product delivered directly to your doorstep by Vrindavan Mart."
"Value Pack Refined Sunflower Oil Pouch #492","staples-grains",190,228,"1 L",91,"https://images.unsplash.com/photo-1474979266404-7eaacbcd87c5?w=500","Enjoy fresh Value Pack Refined Sunflower Oil Pouch #492. High quality grocery product delivered directly to your doorstep by Vrindavan Mart."
"Organic Crisp Shimla Apples #493","fruits-vegetables",220,264,"1 kg",92,"https://images.unsplash.com/photo-1560806887-1e4cd0b6cbd6?w=500","Enjoy fresh Organic Crisp Shimla Apples #493. High quality grocery product delivered directly to your doorstep by Vrindavan Mart."
"Select Farm Fresh White Eggs #494","dairy-eggs",107,128,"6 pcs",93,"https://images.unsplash.com/photo-1582722872445-44dc5f7e3c8f?w=500","Enjoy fresh Select Farm Fresh White Eggs #494. High quality grocery product delivered directly to your doorstep by Vrindavan Mart."
"Super Saver Double Choco Chip Muffin #495","bakery",180,216,"4 pcs",94,"https://images.unsplash.com/photo-1607958996333-41aef7caefaa?w=500","Enjoy fresh Super Saver Double Choco Chip Muffin #495. High quality grocery product delivered directly to your doorstep by Vrindavan Mart."
"Super Saver Rich Dark Roast Coffee #496","beverages",240,288,"200 g",95,"https://images.unsplash.com/photo-1610889556528-9a770e32642f?w=500","Enjoy fresh Super Saver Rich Dark Roast Coffee #496. High quality grocery product delivered directly to your doorstep by Vrindavan Mart."
"Gold Crispy Salted Potato Chips #497","snacks",25,30,"90 g",96,"https://images.unsplash.com/photo-1566478989037-eec170784d0b?w=500","Enjoy fresh Gold Crispy Salted Potato Chips #497. High quality grocery product delivered directly to your doorstep by Vrindavan Mart."
"Gold Chakki Fresh Whole Wheat Atta #498","staples-grains",235,282,"5 kg",97,"https://images.unsplash.com/photo-1509440159596-0249088772ff?w=500","Enjoy fresh Gold Chakki Fresh Whole Wheat Atta #498. High quality grocery product delivered directly to your doorstep by Vrindavan Mart."
"Organic Green Broccoli #499","fruits-vegetables",80,96,"1 pc",98,"https://images.unsplash.com/photo-1459411621453-7b03977f4bfc?w=500","Enjoy fresh Organic Green Broccoli #499. High quality grocery product delivered directly to your doorstep by Vrindavan Mart."
"Fresh Farm Fresh White Eggs #500","dairy-eggs",62,74,"6 pcs",99,"https://images.unsplash.com/photo-1582722872445-44dc5f7e3c8f?w=500","Enjoy fresh Fresh Farm Fresh White Eggs #500. High quality grocery product delivered directly to your doorstep by Vrindavan Mart."
"Chef Edition 100% Whole Wheat Bread #501","bakery",70,84,"400 g",100,"https://images.unsplash.com/photo-1509440159596-0249088772ff?w=500","Enjoy fresh Chef Edition 100% Whole Wheat Bread #501. High quality grocery product delivered directly to your doorstep by Vrindavan Mart."
"Chef Edition Classic Green Tea Bags #502","beverages",205,246,"25 bags",101,"https://images.unsplash.com/photo-1627435601361-ec25f5b1d0e5?w=500","Enjoy fresh Chef Edition Classic Green Tea Bags #502. High quality grocery product delivered directly to your doorstep by Vrindavan Mart."
"Chef Edition Butter Choco Chip Cookies #503","snacks",85,102,"150 g",102,"https://images.unsplash.com/photo-1499636136210-6f4ee915583e?w=500","Enjoy fresh Chef Edition Butter Choco Chip Cookies #503. High quality grocery product delivered directly to your doorstep by Vrindavan Mart."
"Chef Edition Refined Sunflower Oil Pouch #504","staples-grains",175,210,"1 L",103,"https://images.unsplash.com/photo-1474979266404-7eaacbcd87c5?w=500","Enjoy fresh Chef Edition Refined Sunflower Oil Pouch #504. High quality grocery product delivered directly to your doorstep by Vrindavan Mart."
"Select New Crop Potatoes #505","fruits-vegetables",69,83,"1 kg",104,"https://images.unsplash.com/photo-1518977676601-b53f82aba655?w=500","Enjoy fresh Select New Crop Potatoes #505. High quality grocery product delivered directly to your doorstep by Vrindavan Mart."
"Special Farm Fresh White Eggs #506","dairy-eggs",92,110,"6 pcs",105,"https://images.unsplash.com/photo-1582722872445-44dc5f7e3c8f?w=500","Enjoy fresh Special Farm Fresh White Eggs #506. High quality grocery product delivered directly to your doorstep by Vrindavan Mart."
"Local Sourced Double Choco Chip Muffin #507","bakery",165,198,"4 pcs",106,"https://images.unsplash.com/photo-1607958996333-41aef7caefaa?w=500","Enjoy fresh Local Sourced Double Choco Chip Muffin #507. High quality grocery product delivered directly to your doorstep by Vrindavan Mart."
"Local Sourced Rich Dark Roast Coffee #508","beverages",300,360,"200 g",107,"https://images.unsplash.com/photo-1610889556528-9a770e32642f?w=500","Enjoy fresh Local Sourced Rich Dark Roast Coffee #508. High quality grocery product delivered directly to your doorstep by Vrindavan Mart."
"Farm Fresh Crispy Salted Potato Chips #509","snacks",85,102,"90 g",108,"https://images.unsplash.com/photo-1566478989037-eec170784d0b?w=500","Enjoy fresh Farm Fresh Crispy Salted Potato Chips #509. High quality grocery product delivered directly to your doorstep by Vrindavan Mart."
"Farm Fresh Chakki Fresh Whole Wheat Atta #510","staples-grains",295,354,"5 kg",109,"https://images.unsplash.com/photo-1509440159596-0249088772ff?w=500","Enjoy fresh Farm Fresh Chakki Fresh Whole Wheat Atta #510. High quality grocery product delivered directly to your doorstep by Vrindavan Mart."
"Fresh Fresh Organic Tomatoes #511","fruits-vegetables",35,42,"1 kg",110,"https://images.unsplash.com/photo-1592924357228-91a4daadcfea?w=500","Enjoy fresh Fresh Fresh Organic Tomatoes #511. High quality grocery product delivered directly to your doorstep by Vrindavan Mart."
"Deluxe Farm Fresh White Eggs #512","dairy-eggs",47,56,"6 pcs",111,"https://images.unsplash.com/photo-1582722872445-44dc5f7e3c8f?w=500","Enjoy fresh Deluxe Farm Fresh White Eggs #512. High quality grocery product delivered directly to your doorstep by Vrindavan Mart."
"Premium 100% Whole Wheat Bread #513","bakery",55,66,"400 g",112,"https://images.unsplash.com/photo-1509440159596-0249088772ff?w=500","Enjoy fresh Premium 100% Whole Wheat Bread #513. High quality grocery product delivered directly to your doorstep by Vrindavan Mart."
"Premium Classic Green Tea Bags #514","beverages",190,228,"25 bags",113,"https://images.unsplash.com/photo-1627435601361-ec25f5b1d0e5?w=500","Enjoy fresh Premium Classic Green Tea Bags #514. High quality grocery product delivered directly to your doorstep by Vrindavan Mart."
"Premium Butter Choco Chip Cookies #515","snacks",70,84,"150 g",114,"https://images.unsplash.com/photo-1499636136210-6f4ee915583e?w=500","Enjoy fresh Premium Butter Choco Chip Cookies #515. High quality grocery product delivered directly to your doorstep by Vrindavan Mart."
"Premium Refined Sunflower Oil Pouch #516","staples-grains",160,192,"1 L",115,"https://images.unsplash.com/photo-1474979266404-7eaacbcd87c5?w=500","Enjoy fresh Premium Refined Sunflower Oil Pouch #516. High quality grocery product delivered directly to your doorstep by Vrindavan Mart."
"Fresh Fresh Spinach Bunch #517","fruits-vegetables",50,60,"250 g",116,"https://images.unsplash.com/photo-1576045057995-568f588f82fb?w=500","Enjoy fresh Fresh Fresh Spinach Bunch #517. High quality grocery product delivered directly to your doorstep by Vrindavan Mart."
"Classic Farm Fresh White Eggs #518","dairy-eggs",77,92,"6 pcs",117,"https://images.unsplash.com/photo-1582722872445-44dc5f7e3c8f?w=500","Enjoy fresh Classic Farm Fresh White Eggs #518. High quality grocery product delivered directly to your doorstep by Vrindavan Mart."
"Organic Double Choco Chip Muffin #519","bakery",150,180,"4 pcs",118,"https://images.unsplash.com/photo-1607958996333-41aef7caefaa?w=500","Enjoy fresh Organic Double Choco Chip Muffin #519. High quality grocery product delivered directly to your doorstep by Vrindavan Mart."
"Organic Rich Dark Roast Coffee #520","beverages",285,342,"200 g",119,"https://images.unsplash.com/photo-1610889556528-9a770e32642f?w=500","Enjoy fresh Organic Rich Dark Roast Coffee #520. High quality grocery product delivered directly to your doorstep by Vrindavan Mart."
"Select Crispy Salted Potato Chips #521","snacks",70,84,"90 g",120,"https://images.unsplash.com/photo-1566478989037-eec170784d0b?w=500","Enjoy fresh Select Crispy Salted Potato Chips #521. High quality grocery product delivered directly to your doorstep by Vrindavan Mart."
"Select Chakki Fresh Whole Wheat Atta #522","staples-grains",280,336,"5 kg",121,"https://images.unsplash.com/photo-1509440159596-0249088772ff?w=500","Enjoy fresh Select Chakki Fresh Whole Wheat Atta #522. High quality grocery product delivered directly to your doorstep by Vrindavan Mart."
"Special Crisp Shimla Apples #523","fruits-vegetables",220,264,"1 kg",122,"https://images.unsplash.com/photo-1560806887-1e4cd0b6cbd6?w=500","Enjoy fresh Special Crisp Shimla Apples #523. High quality grocery product delivered directly to your doorstep by Vrindavan Mart."
"Handpicked Farm Fresh White Eggs #524","dairy-eggs",107,128,"6 pcs",123,"https://images.unsplash.com/photo-1582722872445-44dc5f7e3c8f?w=500","Enjoy fresh Handpicked Farm Fresh White Eggs #524. High quality grocery product delivered directly to your doorstep by Vrindavan Mart."
"Fresh 100% Whole Wheat Bread #525","bakery",115,138,"400 g",124,"https://images.unsplash.com/photo-1509440159596-0249088772ff?w=500","Enjoy fresh Fresh 100% Whole Wheat Bread #525. High quality grocery product delivered directly to your doorstep by Vrindavan Mart."
"Fresh Classic Green Tea Bags #526","beverages",175,210,"25 bags",125,"https://images.unsplash.com/photo-1627435601361-ec25f5b1d0e5?w=500","Enjoy fresh Fresh Classic Green Tea Bags #526. High quality grocery product delivered directly to your doorstep by Vrindavan Mart."
"Fresh Butter Choco Chip Cookies #527","snacks",55,66,"150 g",126,"https://images.unsplash.com/photo-1499636136210-6f4ee915583e?w=500","Enjoy fresh Fresh Butter Choco Chip Cookies #527. High quality grocery product delivered directly to your doorstep by Vrindavan Mart."
"Fresh Refined Sunflower Oil Pouch #528","staples-grains",145,174,"1 L",127,"https://images.unsplash.com/photo-1474979266404-7eaacbcd87c5?w=500","Enjoy fresh Fresh Refined Sunflower Oil Pouch #528. High quality grocery product delivered directly to your doorstep by Vrindavan Mart."
"Special Green Broccoli #529","fruits-vegetables",80,96,"1 pc",128,"https://images.unsplash.com/photo-1459411621453-7b03977f4bfc?w=500","Enjoy fresh Special Green Broccoli #529. High quality grocery product delivered directly to your doorstep by Vrindavan Mart."
"Natural Farm Fresh White Eggs #530","dairy-eggs",62,74,"6 pcs",129,"https://images.unsplash.com/photo-1582722872445-44dc5f7e3c8f?w=500","Enjoy fresh Natural Farm Fresh White Eggs #530. High quality grocery product delivered directly to your doorstep by Vrindavan Mart."
"Special Double Choco Chip Muffin #531","bakery",135,162,"4 pcs",130,"https://images.unsplash.com/photo-1607958996333-41aef7caefaa?w=500","Enjoy fresh Special Double Choco Chip Muffin #531. High quality grocery product delivered directly to your doorstep by Vrindavan Mart."
"Special Rich Dark Roast Coffee #532","beverages",270,324,"200 g",131,"https://images.unsplash.com/photo-1610889556528-9a770e32642f?w=500","Enjoy fresh Special Rich Dark Roast Coffee #532. High quality grocery product delivered directly to your doorstep by Vrindavan Mart."
"Deluxe Crispy Salted Potato Chips #533","snacks",55,66,"90 g",132,"https://images.unsplash.com/photo-1566478989037-eec170784d0b?w=500","Enjoy fresh Deluxe Crispy Salted Potato Chips #533. High quality grocery product delivered directly to your doorstep by Vrindavan Mart."
"Deluxe Chakki Fresh Whole Wheat Atta #534","staples-grains",265,318,"5 kg",133,"https://images.unsplash.com/photo-1509440159596-0249088772ff?w=500","Enjoy fresh Deluxe Chakki Fresh Whole Wheat Atta #534. High quality grocery product delivered directly to your doorstep by Vrindavan Mart."
"Deluxe New Crop Potatoes #535","fruits-vegetables",69,83,"1 kg",134,"https://images.unsplash.com/photo-1518977676601-b53f82aba655?w=500","Enjoy fresh Deluxe New Crop Potatoes #535. High quality grocery product delivered directly to your doorstep by Vrindavan Mart."
"Daily Farm Fresh White Eggs #536","dairy-eggs",92,110,"6 pcs",135,"https://images.unsplash.com/photo-1582722872445-44dc5f7e3c8f?w=500","Enjoy fresh Daily Farm Fresh White Eggs #536. High quality grocery product delivered directly to your doorstep by Vrindavan Mart."
"Classic 100% Whole Wheat Bread #537","bakery",100,120,"400 g",136,"https://images.unsplash.com/photo-1509440159596-0249088772ff?w=500","Enjoy fresh Classic 100% Whole Wheat Bread #537. High quality grocery product delivered directly to your doorstep by Vrindavan Mart."
"Classic Classic Green Tea Bags #538","beverages",235,282,"25 bags",137,"https://images.unsplash.com/photo-1627435601361-ec25f5b1d0e5?w=500","Enjoy fresh Classic Classic Green Tea Bags #538. High quality grocery product delivered directly to your doorstep by Vrindavan Mart."
"Classic Butter Choco Chip Cookies #539","snacks",115,138,"150 g",138,"https://images.unsplash.com/photo-1499636136210-6f4ee915583e?w=500","Enjoy fresh Classic Butter Choco Chip Cookies #539. High quality grocery product delivered directly to your doorstep by Vrindavan Mart."
"Classic Refined Sunflower Oil Pouch #540","staples-grains",205,246,"1 L",139,"https://images.unsplash.com/photo-1474979266404-7eaacbcd87c5?w=500","Enjoy fresh Classic Refined Sunflower Oil Pouch #540. High quality grocery product delivered directly to your doorstep by Vrindavan Mart."
"Classic Fresh Organic Tomatoes #541","fruits-vegetables",35,42,"1 kg",140,"https://images.unsplash.com/photo-1592924357228-91a4daadcfea?w=500","Enjoy fresh Classic Fresh Organic Tomatoes #541. High quality grocery product delivered directly to your doorstep by Vrindavan Mart."
"Value Pack Farm Fresh White Eggs #542","dairy-eggs",47,56,"6 pcs",141,"https://images.unsplash.com/photo-1582722872445-44dc5f7e3c8f?w=500","Enjoy fresh Value Pack Farm Fresh White Eggs #542. High quality grocery product delivered directly to your doorstep by Vrindavan Mart."
"Handpicked Double Choco Chip Muffin #543","bakery",120,144,"4 pcs",142,"https://images.unsplash.com/photo-1607958996333-41aef7caefaa?w=500","Enjoy fresh Handpicked Double Choco Chip Muffin #543. High quality grocery product delivered directly to your doorstep by Vrindavan Mart."
"Handpicked Rich Dark Roast Coffee #544","beverages",255,306,"200 g",143,"https://images.unsplash.com/photo-1610889556528-9a770e32642f?w=500","Enjoy fresh Handpicked Rich Dark Roast Coffee #544. High quality grocery product delivered directly to your doorstep by Vrindavan Mart."
"Natural Crispy Salted Potato Chips #545","snacks",40,48,"90 g",144,"https://images.unsplash.com/photo-1566478989037-eec170784d0b?w=500","Enjoy fresh Natural Crispy Salted Potato Chips #545. High quality grocery product delivered directly to your doorstep by Vrindavan Mart."
"Natural Chakki Fresh Whole Wheat Atta #546","staples-grains",250,300,"5 kg",145,"https://images.unsplash.com/photo-1509440159596-0249088772ff?w=500","Enjoy fresh Natural Chakki Fresh Whole Wheat Atta #546. High quality grocery product delivered directly to your doorstep by Vrindavan Mart."
"Classic Fresh Spinach Bunch #547","fruits-vegetables",50,60,"250 g",146,"https://images.unsplash.com/photo-1576045057995-568f588f82fb?w=500","Enjoy fresh Classic Fresh Spinach Bunch #547. High quality grocery product delivered directly to your doorstep by Vrindavan Mart."
"Super Saver Farm Fresh White Eggs #548","dairy-eggs",77,92,"6 pcs",147,"https://images.unsplash.com/photo-1582722872445-44dc5f7e3c8f?w=500","Enjoy fresh Super Saver Farm Fresh White Eggs #548. High quality grocery product delivered directly to your doorstep by Vrindavan Mart."
"Daily 100% Whole Wheat Bread #549","bakery",85,102,"400 g",148,"https://images.unsplash.com/photo-1509440159596-0249088772ff?w=500","Enjoy fresh Daily 100% Whole Wheat Bread #549. High quality grocery product delivered directly to your doorstep by Vrindavan Mart."
"Daily Classic Green Tea Bags #550","beverages",220,264,"25 bags",149,"https://images.unsplash.com/photo-1627435601361-ec25f5b1d0e5?w=500","Enjoy fresh Daily Classic Green Tea Bags #550. High quality grocery product delivered directly to your doorstep by Vrindavan Mart."
"Daily Butter Choco Chip Cookies #551","snacks",100,120,"150 g",150,"https://images.unsplash.com/photo-1499636136210-6f4ee915583e?w=500","Enjoy fresh Daily Butter Choco Chip Cookies #551. High quality grocery product delivered directly to your doorstep by Vrindavan Mart."
"Daily Refined Sunflower Oil Pouch #552","staples-grains",190,228,"1 L",151,"https://images.unsplash.com/photo-1474979266404-7eaacbcd87c5?w=500","Enjoy fresh Daily Refined Sunflower Oil Pouch #552. High quality grocery product delivered directly to your doorstep by Vrindavan Mart."
"Handpicked Crisp Shimla Apples #553","fruits-vegetables",220,264,"1 kg",152,"https://images.unsplash.com/photo-1560806887-1e4cd0b6cbd6?w=500","Enjoy fresh Handpicked Crisp Shimla Apples #553. High quality grocery product delivered directly to your doorstep by Vrindavan Mart."
"Gold Farm Fresh White Eggs #554","dairy-eggs",107,128,"6 pcs",153,"https://images.unsplash.com/photo-1582722872445-44dc5f7e3c8f?w=500","Enjoy fresh Gold Farm Fresh White Eggs #554. High quality grocery product delivered directly to your doorstep by Vrindavan Mart."
"Value Pack Double Choco Chip Muffin #555","bakery",180,216,"4 pcs",154,"https://images.unsplash.com/photo-1607958996333-41aef7caefaa?w=500","Enjoy fresh Value Pack Double Choco Chip Muffin #555. High quality grocery product delivered directly to your doorstep by Vrindavan Mart."
"Value Pack Rich Dark Roast Coffee #556","beverages",240,288,"200 g",155,"https://images.unsplash.com/photo-1610889556528-9a770e32642f?w=500","Enjoy fresh Value Pack Rich Dark Roast Coffee #556. High quality grocery product delivered directly to your doorstep by Vrindavan Mart."
"Super Saver Crispy Salted Potato Chips #557","snacks",25,30,"90 g",156,"https://images.unsplash.com/photo-1566478989037-eec170784d0b?w=500","Enjoy fresh Super Saver Crispy Salted Potato Chips #557. High quality grocery product delivered directly to your doorstep by Vrindavan Mart."
"Super Saver Chakki Fresh Whole Wheat Atta #558","staples-grains",235,282,"5 kg",157,"https://images.unsplash.com/photo-1509440159596-0249088772ff?w=500","Enjoy fresh Super Saver Chakki Fresh Whole Wheat Atta #558. High quality grocery product delivered directly to your doorstep by Vrindavan Mart."
"Handpicked Green Broccoli #559","fruits-vegetables",80,96,"1 pc",158,"https://images.unsplash.com/photo-1459411621453-7b03977f4bfc?w=500","Enjoy fresh Handpicked Green Broccoli #559. High quality grocery product delivered directly to your doorstep by Vrindavan Mart."
"Chef Edition Farm Fresh White Eggs #560","dairy-eggs",62,74,"6 pcs",159,"https://images.unsplash.com/photo-1582722872445-44dc5f7e3c8f?w=500","Enjoy fresh Chef Edition Farm Fresh White Eggs #560. High quality grocery product delivered directly to your doorstep by Vrindavan Mart."
"Gold 100% Whole Wheat Bread #561","bakery",70,84,"400 g",160,"https://images.unsplash.com/photo-1509440159596-0249088772ff?w=500","Enjoy fresh Gold 100% Whole Wheat Bread #561. High quality grocery product delivered directly to your doorstep by Vrindavan Mart."
"Gold Classic Green Tea Bags #562","beverages",205,246,"25 bags",161,"https://images.unsplash.com/photo-1627435601361-ec25f5b1d0e5?w=500","Enjoy fresh Gold Classic Green Tea Bags #562. High quality grocery product delivered directly to your doorstep by Vrindavan Mart."
"Gold Butter Choco Chip Cookies #563","snacks",85,102,"150 g",162,"https://images.unsplash.com/photo-1499636136210-6f4ee915583e?w=500","Enjoy fresh Gold Butter Choco Chip Cookies #563. High quality grocery product delivered directly to your doorstep by Vrindavan Mart."
"Gold Refined Sunflower Oil Pouch #564","staples-grains",175,210,"1 L",163,"https://images.unsplash.com/photo-1474979266404-7eaacbcd87c5?w=500","Enjoy fresh Gold Refined Sunflower Oil Pouch #564. High quality grocery product delivered directly to your doorstep by Vrindavan Mart."
"Natural New Crop Potatoes #565","fruits-vegetables",69,83,"1 kg",164,"https://images.unsplash.com/photo-1518977676601-b53f82aba655?w=500","Enjoy fresh Natural New Crop Potatoes #565. High quality grocery product delivered directly to your doorstep by Vrindavan Mart."
"Local Sourced Farm Fresh White Eggs #566","dairy-eggs",92,110,"6 pcs",165,"https://images.unsplash.com/photo-1582722872445-44dc5f7e3c8f?w=500","Enjoy fresh Local Sourced Farm Fresh White Eggs #566. High quality grocery product delivered directly to your doorstep by Vrindavan Mart."
"Chef Edition Double Choco Chip Muffin #567","bakery",165,198,"4 pcs",166,"https://images.unsplash.com/photo-1607958996333-41aef7caefaa?w=500","Enjoy fresh Chef Edition Double Choco Chip Muffin #567. High quality grocery product delivered directly to your doorstep by Vrindavan Mart."
"Chef Edition Rich Dark Roast Coffee #568","beverages",300,360,"200 g",167,"https://images.unsplash.com/photo-1610889556528-9a770e32642f?w=500","Enjoy fresh Chef Edition Rich Dark Roast Coffee #568. High quality grocery product delivered directly to your doorstep by Vrindavan Mart."
"Local Sourced Crispy Salted Potato Chips #569","snacks",85,102,"90 g",168,"https://images.unsplash.com/photo-1566478989037-eec170784d0b?w=500","Enjoy fresh Local Sourced Crispy Salted Potato Chips #569. High quality grocery product delivered directly to your doorstep by Vrindavan Mart."
"Local Sourced Chakki Fresh Whole Wheat Atta #570","staples-grains",295,354,"5 kg",169,"https://images.unsplash.com/photo-1509440159596-0249088772ff?w=500","Enjoy fresh Local Sourced Chakki Fresh Whole Wheat Atta #570. High quality grocery product delivered directly to your doorstep by Vrindavan Mart."
"Daily Fresh Organic Tomatoes #571","fruits-vegetables",35,42,"1 kg",170,"https://images.unsplash.com/photo-1592924357228-91a4daadcfea?w=500","Enjoy fresh Daily Fresh Organic Tomatoes #571. High quality grocery product delivered directly to your doorstep by Vrindavan Mart."
"Farm Fresh Farm Fresh White Eggs #572","dairy-eggs",47,56,"6 pcs",171,"https://images.unsplash.com/photo-1582722872445-44dc5f7e3c8f?w=500","Enjoy fresh Farm Fresh Farm Fresh White Eggs #572. High quality grocery product delivered directly to your doorstep by Vrindavan Mart."
"Farm Fresh 100% Whole Wheat Bread #573","bakery",55,66,"400 g",172,"https://images.unsplash.com/photo-1509440159596-0249088772ff?w=500","Enjoy fresh Farm Fresh 100% Whole Wheat Bread #573. High quality grocery product delivered directly to your doorstep by Vrindavan Mart."
"Farm Fresh Classic Green Tea Bags #574","beverages",190,228,"25 bags",173,"https://images.unsplash.com/photo-1627435601361-ec25f5b1d0e5?w=500","Enjoy fresh Farm Fresh Classic Green Tea Bags #574. High quality grocery product delivered directly to your doorstep by Vrindavan Mart."
"Farm Fresh Butter Choco Chip Cookies #575","snacks",70,84,"150 g",174,"https://images.unsplash.com/photo-1499636136210-6f4ee915583e?w=500","Enjoy fresh Farm Fresh Butter Choco Chip Cookies #575. High quality grocery product delivered directly to your doorstep by Vrindavan Mart."
"Farm Fresh Refined Sunflower Oil Pouch #576","staples-grains",160,192,"1 L",175,"https://images.unsplash.com/photo-1474979266404-7eaacbcd87c5?w=500","Enjoy fresh Farm Fresh Refined Sunflower Oil Pouch #576. High quality grocery product delivered directly to your doorstep by Vrindavan Mart."
"Daily Fresh Spinach Bunch #577","fruits-vegetables",50,60,"250 g",176,"https://images.unsplash.com/photo-1576045057995-568f588f82fb?w=500","Enjoy fresh Daily Fresh Spinach Bunch #577. High quality grocery product delivered directly to your doorstep by Vrindavan Mart."
"Premium Farm Fresh White Eggs #578","dairy-eggs",77,92,"6 pcs",177,"https://images.unsplash.com/photo-1582722872445-44dc5f7e3c8f?w=500","Enjoy fresh Premium Farm Fresh White Eggs #578. High quality grocery product delivered directly to your doorstep by Vrindavan Mart."
"Premium Double Choco Chip Muffin #579","bakery",150,180,"4 pcs",178,"https://images.unsplash.com/photo-1607958996333-41aef7caefaa?w=500","Enjoy fresh Premium Double Choco Chip Muffin #579. High quality grocery product delivered directly to your doorstep by Vrindavan Mart."
"Premium Rich Dark Roast Coffee #580","beverages",285,342,"200 g",179,"https://images.unsplash.com/photo-1610889556528-9a770e32642f?w=500","Enjoy fresh Premium Rich Dark Roast Coffee #580. High quality grocery product delivered directly to your doorstep by Vrindavan Mart."
"Organic Crispy Salted Potato Chips #581","snacks",70,84,"90 g",180,"https://images.unsplash.com/photo-1566478989037-eec170784d0b?w=500","Enjoy fresh Organic Crispy Salted Potato Chips #581. High quality grocery product delivered directly to your doorstep by Vrindavan Mart."
"Organic Chakki Fresh Whole Wheat Atta #582","staples-grains",280,336,"5 kg",181,"https://images.unsplash.com/photo-1509440159596-0249088772ff?w=500","Enjoy fresh Organic Chakki Fresh Whole Wheat Atta #582. High quality grocery product delivered directly to your doorstep by Vrindavan Mart."
"Value Pack Crisp Shimla Apples #583","fruits-vegetables",220,264,"1 kg",182,"https://images.unsplash.com/photo-1560806887-1e4cd0b6cbd6?w=500","Enjoy fresh Value Pack Crisp Shimla Apples #583. High quality grocery product delivered directly to your doorstep by Vrindavan Mart."
"Organic Farm Fresh White Eggs #584","dairy-eggs",107,128,"6 pcs",183,"https://images.unsplash.com/photo-1582722872445-44dc5f7e3c8f?w=500","Enjoy fresh Organic Farm Fresh White Eggs #584. High quality grocery product delivered directly to your doorstep by Vrindavan Mart."
"Select 100% Whole Wheat Bread #585","bakery",115,138,"400 g",184,"https://images.unsplash.com/photo-1509440159596-0249088772ff?w=500","Enjoy fresh Select 100% Whole Wheat Bread #585. High quality grocery product delivered directly to your doorstep by Vrindavan Mart."
"Select Classic Green Tea Bags #586","beverages",175,210,"25 bags",185,"https://images.unsplash.com/photo-1627435601361-ec25f5b1d0e5?w=500","Enjoy fresh Select Classic Green Tea Bags #586. High quality grocery product delivered directly to your doorstep by Vrindavan Mart."
"Select Butter Choco Chip Cookies #587","snacks",55,66,"150 g",186,"https://images.unsplash.com/photo-1499636136210-6f4ee915583e?w=500","Enjoy fresh Select Butter Choco Chip Cookies #587. High quality grocery product delivered directly to your doorstep by Vrindavan Mart."
"Select Refined Sunflower Oil Pouch #588","staples-grains",145,174,"1 L",187,"https://images.unsplash.com/photo-1474979266404-7eaacbcd87c5?w=500","Enjoy fresh Select Refined Sunflower Oil Pouch #588. High quality grocery product delivered directly to your doorstep by Vrindavan Mart."
"Value Pack Green Broccoli #589","fruits-vegetables",80,96,"1 pc",188,"https://images.unsplash.com/photo-1459411621453-7b03977f4bfc?w=500","Enjoy fresh Value Pack Green Broccoli #589. High quality grocery product delivered directly to your doorstep by Vrindavan Mart."
"Select Farm Fresh White Eggs #590","dairy-eggs",62,74,"6 pcs",189,"https://images.unsplash.com/photo-1582722872445-44dc5f7e3c8f?w=500","Enjoy fresh Select Farm Fresh White Eggs #590. High quality grocery product delivered directly to your doorstep by Vrindavan Mart."
"Fresh Double Choco Chip Muffin #591","bakery",135,162,"4 pcs",190,"https://images.unsplash.com/photo-1607958996333-41aef7caefaa?w=500","Enjoy fresh Fresh Double Choco Chip Muffin #591. High quality grocery product delivered directly to your doorstep by Vrindavan Mart."
"Fresh Rich Dark Roast Coffee #592","beverages",270,324,"200 g",191,"https://images.unsplash.com/photo-1610889556528-9a770e32642f?w=500","Enjoy fresh Fresh Rich Dark Roast Coffee #592. High quality grocery product delivered directly to your doorstep by Vrindavan Mart."
"Special Crispy Salted Potato Chips #593","snacks",55,66,"90 g",192,"https://images.unsplash.com/photo-1566478989037-eec170784d0b?w=500","Enjoy fresh Special Crispy Salted Potato Chips #593. High quality grocery product delivered directly to your doorstep by Vrindavan Mart."
"Special Chakki Fresh Whole Wheat Atta #594","staples-grains",265,318,"5 kg",193,"https://images.unsplash.com/photo-1509440159596-0249088772ff?w=500","Enjoy fresh Special Chakki Fresh Whole Wheat Atta #594. High quality grocery product delivered directly to your doorstep by Vrindavan Mart."
"Super Saver New Crop Potatoes #595","fruits-vegetables",69,83,"1 kg",194,"https://images.unsplash.com/photo-1518977676601-b53f82aba655?w=500","Enjoy fresh Super Saver New Crop Potatoes #595. High quality grocery product delivered directly to your doorstep by Vrindavan Mart."
"Fresh Farm Fresh White Eggs #596","dairy-eggs",92,110,"6 pcs",195,"https://images.unsplash.com/photo-1582722872445-44dc5f7e3c8f?w=500","Enjoy fresh Fresh Farm Fresh White Eggs #596. High quality grocery product delivered directly to your doorstep by Vrindavan Mart."
"Deluxe 100% Whole Wheat Bread #597","bakery",100,120,"400 g",196,"https://images.unsplash.com/photo-1509440159596-0249088772ff?w=500","Enjoy fresh Deluxe 100% Whole Wheat Bread #597. High quality grocery product delivered directly to your doorstep by Vrindavan Mart."
"Deluxe Classic Green Tea Bags #598","beverages",235,282,"25 bags",197,"https://images.unsplash.com/photo-1627435601361-ec25f5b1d0e5?w=500","Enjoy fresh Deluxe Classic Green Tea Bags #598. High quality grocery product delivered directly to your doorstep by Vrindavan Mart."
"Deluxe Butter Choco Chip Cookies #599","snacks",115,138,"150 g",198,"https://images.unsplash.com/photo-1499636136210-6f4ee915583e?w=500","Enjoy fresh Deluxe Butter Choco Chip Cookies #599. High quality grocery product delivered directly to your doorstep by Vrindavan Mart."
"Deluxe Refined Sunflower Oil Pouch #600","staples-grains",205,246,"1 L",199,"https://images.unsplash.com/photo-1474979266404-7eaacbcd87c5?w=500","Enjoy fresh Deluxe Refined Sunflower Oil Pouch #600. High quality grocery product delivered directly to your doorstep by Vrindavan Mart."
"Gold Fresh Organic Tomatoes #601","fruits-vegetables",35,42,"1 kg",50,"https://images.unsplash.com/photo-1592924357228-91a4daadcfea?w=500","Enjoy fresh Gold Fresh Organic Tomatoes #601. High quality grocery product delivered directly to your doorstep by Vrindavan Mart."
"Special Farm Fresh White Eggs #602","dairy-eggs",47,56,"6 pcs",51,"https://images.unsplash.com/photo-1582722872445-44dc5f7e3c8f?w=500","Enjoy fresh Special Farm Fresh White Eggs #602. High quality grocery product delivered directly to your doorstep by Vrindavan Mart."
"Classic Double Choco Chip Muffin #603","bakery",120,144,"4 pcs",52,"https://images.unsplash.com/photo-1607958996333-41aef7caefaa?w=500","Enjoy fresh Classic Double Choco Chip Muffin #603. High quality grocery product delivered directly to your doorstep by Vrindavan Mart."
"Classic Rich Dark Roast Coffee #604","beverages",255,306,"200 g",53,"https://images.unsplash.com/photo-1610889556528-9a770e32642f?w=500","Enjoy fresh Classic Rich Dark Roast Coffee #604. High quality grocery product delivered directly to your doorstep by Vrindavan Mart."
"Handpicked Crispy Salted Potato Chips #605","snacks",40,48,"90 g",54,"https://images.unsplash.com/photo-1566478989037-eec170784d0b?w=500","Enjoy fresh Handpicked Crispy Salted Potato Chips #605. High quality grocery product delivered directly to your doorstep by Vrindavan Mart."
"Handpicked Chakki Fresh Whole Wheat Atta #606","staples-grains",250,300,"5 kg",55,"https://images.unsplash.com/photo-1509440159596-0249088772ff?w=500","Enjoy fresh Handpicked Chakki Fresh Whole Wheat Atta #606. High quality grocery product delivered directly to your doorstep by Vrindavan Mart."
"Gold Fresh Spinach Bunch #607","fruits-vegetables",50,60,"250 g",56,"https://images.unsplash.com/photo-1576045057995-568f588f82fb?w=500","Enjoy fresh Gold Fresh Spinach Bunch #607. High quality grocery product delivered directly to your doorstep by Vrindavan Mart."
"Deluxe Farm Fresh White Eggs #608","dairy-eggs",77,92,"6 pcs",57,"https://images.unsplash.com/photo-1582722872445-44dc5f7e3c8f?w=500","Enjoy fresh Deluxe Farm Fresh White Eggs #608. High quality grocery product delivered directly to your doorstep by Vrindavan Mart."
"Natural 100% Whole Wheat Bread #609","bakery",85,102,"400 g",58,"https://images.unsplash.com/photo-1509440159596-0249088772ff?w=500","Enjoy fresh Natural 100% Whole Wheat Bread #609. High quality grocery product delivered directly to your doorstep by Vrindavan Mart."
"Natural Classic Green Tea Bags #610","beverages",220,264,"25 bags",59,"https://images.unsplash.com/photo-1627435601361-ec25f5b1d0e5?w=500","Enjoy fresh Natural Classic Green Tea Bags #610. High quality grocery product delivered directly to your doorstep by Vrindavan Mart."
"Natural Butter Choco Chip Cookies #611","snacks",100,120,"150 g",60,"https://images.unsplash.com/photo-1499636136210-6f4ee915583e?w=500","Enjoy fresh Natural Butter Choco Chip Cookies #611. High quality grocery product delivered directly to your doorstep by Vrindavan Mart."
"Natural Refined Sunflower Oil Pouch #612","staples-grains",190,228,"1 L",61,"https://images.unsplash.com/photo-1474979266404-7eaacbcd87c5?w=500","Enjoy fresh Natural Refined Sunflower Oil Pouch #612. High quality grocery product delivered directly to your doorstep by Vrindavan Mart."
"Chef Edition Crisp Shimla Apples #613","fruits-vegetables",220,264,"1 kg",62,"https://images.unsplash.com/photo-1560806887-1e4cd0b6cbd6?w=500","Enjoy fresh Chef Edition Crisp Shimla Apples #613. High quality grocery product delivered directly to your doorstep by Vrindavan Mart."
"Classic Farm Fresh White Eggs #614","dairy-eggs",107,128,"6 pcs",63,"https://images.unsplash.com/photo-1582722872445-44dc5f7e3c8f?w=500","Enjoy fresh Classic Farm Fresh White Eggs #614. High quality grocery product delivered directly to your doorstep by Vrindavan Mart."
"Daily Double Choco Chip Muffin #615","bakery",180,216,"4 pcs",64,"https://images.unsplash.com/photo-1607958996333-41aef7caefaa?w=500","Enjoy fresh Daily Double Choco Chip Muffin #615. High quality grocery product delivered directly to your doorstep by Vrindavan Mart."
"Daily Rich Dark Roast Coffee #616","beverages",240,288,"200 g",65,"https://images.unsplash.com/photo-1610889556528-9a770e32642f?w=500","Enjoy fresh Daily Rich Dark Roast Coffee #616. High quality grocery product delivered directly to your doorstep by Vrindavan Mart."
"Value Pack Crispy Salted Potato Chips #617","snacks",25,30,"90 g",66,"https://images.unsplash.com/photo-1566478989037-eec170784d0b?w=500","Enjoy fresh Value Pack Crispy Salted Potato Chips #617. High quality grocery product delivered directly to your doorstep by Vrindavan Mart."
"Value Pack Chakki Fresh Whole Wheat Atta #618","staples-grains",235,282,"5 kg",67,"https://images.unsplash.com/photo-1509440159596-0249088772ff?w=500","Enjoy fresh Value Pack Chakki Fresh Whole Wheat Atta #618. High quality grocery product delivered directly to your doorstep by Vrindavan Mart."
"Chef Edition Green Broccoli #619","fruits-vegetables",80,96,"1 pc",68,"https://images.unsplash.com/photo-1459411621453-7b03977f4bfc?w=500","Enjoy fresh Chef Edition Green Broccoli #619. High quality grocery product delivered directly to your doorstep by Vrindavan Mart."
"Handpicked Farm Fresh White Eggs #620","dairy-eggs",62,74,"6 pcs",69,"https://images.unsplash.com/photo-1582722872445-44dc5f7e3c8f?w=500","Enjoy fresh Handpicked Farm Fresh White Eggs #620. High quality grocery product delivered directly to your doorstep by Vrindavan Mart."
"Super Saver 100% Whole Wheat Bread #621","bakery",70,84,"400 g",70,"https://images.unsplash.com/photo-1509440159596-0249088772ff?w=500","Enjoy fresh Super Saver 100% Whole Wheat Bread #621. High quality grocery product delivered directly to your doorstep by Vrindavan Mart."
"Super Saver Classic Green Tea Bags #622","beverages",205,246,"25 bags",71,"https://images.unsplash.com/photo-1627435601361-ec25f5b1d0e5?w=500","Enjoy fresh Super Saver Classic Green Tea Bags #622. High quality grocery product delivered directly to your doorstep by Vrindavan Mart."
"Super Saver Butter Choco Chip Cookies #623","snacks",85,102,"150 g",72,"https://images.unsplash.com/photo-1499636136210-6f4ee915583e?w=500","Enjoy fresh Super Saver Butter Choco Chip Cookies #623. High quality grocery product delivered directly to your doorstep by Vrindavan Mart."
"Super Saver Refined Sunflower Oil Pouch #624","staples-grains",175,210,"1 L",73,"https://images.unsplash.com/photo-1474979266404-7eaacbcd87c5?w=500","Enjoy fresh Super Saver Refined Sunflower Oil Pouch #624. High quality grocery product delivered directly to your doorstep by Vrindavan Mart."
"Local Sourced New Crop Potatoes #625","fruits-vegetables",69,83,"1 kg",74,"https://images.unsplash.com/photo-1518977676601-b53f82aba655?w=500","Enjoy fresh Local Sourced New Crop Potatoes #625. High quality grocery product delivered directly to your doorstep by Vrindavan Mart."
"Natural Farm Fresh White Eggs #626","dairy-eggs",92,110,"6 pcs",75,"https://images.unsplash.com/photo-1582722872445-44dc5f7e3c8f?w=500","Enjoy fresh Natural Farm Fresh White Eggs #626. High quality grocery product delivered directly to your doorstep by Vrindavan Mart."
"Gold Double Choco Chip Muffin #627","bakery",165,198,"4 pcs",76,"https://images.unsplash.com/photo-1607958996333-41aef7caefaa?w=500","Enjoy fresh Gold Double Choco Chip Muffin #627. High quality grocery product delivered directly to your doorstep by Vrindavan Mart."
"Gold Rich Dark Roast Coffee #628","beverages",300,360,"200 g",77,"https://images.unsplash.com/photo-1610889556528-9a770e32642f?w=500","Enjoy fresh Gold Rich Dark Roast Coffee #628. High quality grocery product delivered directly to your doorstep by Vrindavan Mart."
"Chef Edition Crispy Salted Potato Chips #629","snacks",85,102,"90 g",78,"https://images.unsplash.com/photo-1566478989037-eec170784d0b?w=500","Enjoy fresh Chef Edition Crispy Salted Potato Chips #629. High quality grocery product delivered directly to your doorstep by Vrindavan Mart."
"Chef Edition Chakki Fresh Whole Wheat Atta #630","staples-grains",295,354,"5 kg",79,"https://images.unsplash.com/photo-1509440159596-0249088772ff?w=500","Enjoy fresh Chef Edition Chakki Fresh Whole Wheat Atta #630. High quality grocery product delivered directly to your doorstep by Vrindavan Mart."
"Farm Fresh Fresh Organic Tomatoes #631","fruits-vegetables",35,42,"1 kg",80,"https://images.unsplash.com/photo-1592924357228-91a4daadcfea?w=500","Enjoy fresh Farm Fresh Fresh Organic Tomatoes #631. High quality grocery product delivered directly to your doorstep by Vrindavan Mart."
"Daily Farm Fresh White Eggs #632","dairy-eggs",47,56,"6 pcs",81,"https://images.unsplash.com/photo-1582722872445-44dc5f7e3c8f?w=500","Enjoy fresh Daily Farm Fresh White Eggs #632. High quality grocery product delivered directly to your doorstep by Vrindavan Mart."
"Local Sourced 100% Whole Wheat Bread #633","bakery",55,66,"400 g",82,"https://images.unsplash.com/photo-1509440159596-0249088772ff?w=500","Enjoy fresh Local Sourced 100% Whole Wheat Bread #633. High quality grocery product delivered directly to your doorstep by Vrindavan Mart."
"Local Sourced Classic Green Tea Bags #634","beverages",190,228,"25 bags",83,"https://images.unsplash.com/photo-1627435601361-ec25f5b1d0e5?w=500","Enjoy fresh Local Sourced Classic Green Tea Bags #634. High quality grocery product delivered directly to your doorstep by Vrindavan Mart."
"Local Sourced Butter Choco Chip Cookies #635","snacks",70,84,"150 g",84,"https://images.unsplash.com/photo-1499636136210-6f4ee915583e?w=500","Enjoy fresh Local Sourced Butter Choco Chip Cookies #635. High quality grocery product delivered directly to your doorstep by Vrindavan Mart."
"Local Sourced Refined Sunflower Oil Pouch #636","staples-grains",160,192,"1 L",85,"https://images.unsplash.com/photo-1474979266404-7eaacbcd87c5?w=500","Enjoy fresh Local Sourced Refined Sunflower Oil Pouch #636. High quality grocery product delivered directly to your doorstep by Vrindavan Mart."
"Farm Fresh Fresh Spinach Bunch #637","fruits-vegetables",50,60,"250 g",86,"https://images.unsplash.com/photo-1576045057995-568f588f82fb?w=500","Enjoy fresh Farm Fresh Fresh Spinach Bunch #637. High quality grocery product delivered directly to your doorstep by Vrindavan Mart."
"Value Pack Farm Fresh White Eggs #638","dairy-eggs",77,92,"6 pcs",87,"https://images.unsplash.com/photo-1582722872445-44dc5f7e3c8f?w=500","Enjoy fresh Value Pack Farm Fresh White Eggs #638. High quality grocery product delivered directly to your doorstep by Vrindavan Mart."
"Farm Fresh Double Choco Chip Muffin #639","bakery",150,180,"4 pcs",88,"https://images.unsplash.com/photo-1607958996333-41aef7caefaa?w=500","Enjoy fresh Farm Fresh Double Choco Chip Muffin #639. High quality grocery product delivered directly to your doorstep by Vrindavan Mart."
"Farm Fresh Rich Dark Roast Coffee #640","beverages",285,342,"200 g",89,"https://images.unsplash.com/photo-1610889556528-9a770e32642f?w=500","Enjoy fresh Farm Fresh Rich Dark Roast Coffee #640. High quality grocery product delivered directly to your doorstep by Vrindavan Mart."
"Premium Crispy Salted Potato Chips #641","snacks",70,84,"90 g",90,"https://images.unsplash.com/photo-1566478989037-eec170784d0b?w=500","Enjoy fresh Premium Crispy Salted Potato Chips #641. High quality grocery product delivered directly to your doorstep by Vrindavan Mart."
"Premium Chakki Fresh Whole Wheat Atta #642","staples-grains",280,336,"5 kg",91,"https://images.unsplash.com/photo-1509440159596-0249088772ff?w=500","Enjoy fresh Premium Chakki Fresh Whole Wheat Atta #642. High quality grocery product delivered directly to your doorstep by Vrindavan Mart."
"Premium Crisp Shimla Apples #643","fruits-vegetables",220,264,"1 kg",92,"https://images.unsplash.com/photo-1560806887-1e4cd0b6cbd6?w=500","Enjoy fresh Premium Crisp Shimla Apples #643. High quality grocery product delivered directly to your doorstep by Vrindavan Mart."
"Super Saver Farm Fresh White Eggs #644","dairy-eggs",107,128,"6 pcs",93,"https://images.unsplash.com/photo-1582722872445-44dc5f7e3c8f?w=500","Enjoy fresh Super Saver Farm Fresh White Eggs #644. High quality grocery product delivered directly to your doorstep by Vrindavan Mart."
"Organic 100% Whole Wheat Bread #645","bakery",115,138,"400 g",94,"https://images.unsplash.com/photo-1509440159596-0249088772ff?w=500","Enjoy fresh Organic 100% Whole Wheat Bread #645. High quality grocery product delivered directly to your doorstep by Vrindavan Mart."
"Organic Classic Green Tea Bags #646","beverages",175,210,"25 bags",95,"https://images.unsplash.com/photo-1627435601361-ec25f5b1d0e5?w=500","Enjoy fresh Organic Classic Green Tea Bags #646. High quality grocery product delivered directly to your doorstep by Vrindavan Mart."
"Organic Butter Choco Chip Cookies #647","snacks",55,66,"150 g",96,"https://images.unsplash.com/photo-1499636136210-6f4ee915583e?w=500","Enjoy fresh Organic Butter Choco Chip Cookies #647. High quality grocery product delivered directly to your doorstep by Vrindavan Mart."
"Organic Refined Sunflower Oil Pouch #648","staples-grains",145,174,"1 L",97,"https://images.unsplash.com/photo-1474979266404-7eaacbcd87c5?w=500","Enjoy fresh Organic Refined Sunflower Oil Pouch #648. High quality grocery product delivered directly to your doorstep by Vrindavan Mart."
"Premium Green Broccoli #649","fruits-vegetables",80,96,"1 pc",98,"https://images.unsplash.com/photo-1459411621453-7b03977f4bfc?w=500","Enjoy fresh Premium Green Broccoli #649. High quality grocery product delivered directly to your doorstep by Vrindavan Mart."
"Gold Farm Fresh White Eggs #650","dairy-eggs",62,74,"6 pcs",99,"https://images.unsplash.com/photo-1582722872445-44dc5f7e3c8f?w=500","Enjoy fresh Gold Farm Fresh White Eggs #650. High quality grocery product delivered directly to your doorstep by Vrindavan Mart."
"Select Double Choco Chip Muffin #651","bakery",135,162,"4 pcs",100,"https://images.unsplash.com/photo-1607958996333-41aef7caefaa?w=500","Enjoy fresh Select Double Choco Chip Muffin #651. High quality grocery product delivered directly to your doorstep by Vrindavan Mart."
"Select Rich Dark Roast Coffee #652","beverages",270,324,"200 g",101,"https://images.unsplash.com/photo-1610889556528-9a770e32642f?w=500","Enjoy fresh Select Rich Dark Roast Coffee #652. High quality grocery product delivered directly to your doorstep by Vrindavan Mart."
"Fresh Crispy Salted Potato Chips #653","snacks",55,66,"90 g",102,"https://images.unsplash.com/photo-1566478989037-eec170784d0b?w=500","Enjoy fresh Fresh Crispy Salted Potato Chips #653. High quality grocery product delivered directly to your doorstep by Vrindavan Mart."
"Fresh Chakki Fresh Whole Wheat Atta #654","staples-grains",265,318,"5 kg",103,"https://images.unsplash.com/photo-1509440159596-0249088772ff?w=500","Enjoy fresh Fresh Chakki Fresh Whole Wheat Atta #654. High quality grocery product delivered directly to your doorstep by Vrindavan Mart."
"Organic New Crop Potatoes #655","fruits-vegetables",69,83,"1 kg",104,"https://images.unsplash.com/photo-1518977676601-b53f82aba655?w=500","Enjoy fresh Organic New Crop Potatoes #655. High quality grocery product delivered directly to your doorstep by Vrindavan Mart."
"Chef Edition Farm Fresh White Eggs #656","dairy-eggs",92,110,"6 pcs",105,"https://images.unsplash.com/photo-1582722872445-44dc5f7e3c8f?w=500","Enjoy fresh Chef Edition Farm Fresh White Eggs #656. High quality grocery product delivered directly to your doorstep by Vrindavan Mart."
"Special 100% Whole Wheat Bread #657","bakery",100,120,"400 g",106,"https://images.unsplash.com/photo-1509440159596-0249088772ff?w=500","Enjoy fresh Special 100% Whole Wheat Bread #657. High quality grocery product delivered directly to your doorstep by Vrindavan Mart."
"Special Classic Green Tea Bags #658","beverages",235,282,"25 bags",107,"https://images.unsplash.com/photo-1627435601361-ec25f5b1d0e5?w=500","Enjoy fresh Special Classic Green Tea Bags #658. High quality grocery product delivered directly to your doorstep by Vrindavan Mart."
"Special Butter Choco Chip Cookies #659","snacks",115,138,"150 g",108,"https://images.unsplash.com/photo-1499636136210-6f4ee915583e?w=500","Enjoy fresh Special Butter Choco Chip Cookies #659. High quality grocery product delivered directly to your doorstep by Vrindavan Mart."
"Special Refined Sunflower Oil Pouch #660","staples-grains",205,246,"1 L",109,"https://images.unsplash.com/photo-1474979266404-7eaacbcd87c5?w=500","Enjoy fresh Special Refined Sunflower Oil Pouch #660. High quality grocery product delivered directly to your doorstep by Vrindavan Mart."
"Select Fresh Organic Tomatoes #661","fruits-vegetables",35,42,"1 kg",110,"https://images.unsplash.com/photo-1592924357228-91a4daadcfea?w=500","Enjoy fresh Select Fresh Organic Tomatoes #661. High quality grocery product delivered directly to your doorstep by Vrindavan Mart."
"Local Sourced Farm Fresh White Eggs #662","dairy-eggs",47,56,"6 pcs",111,"https://images.unsplash.com/photo-1582722872445-44dc5f7e3c8f?w=500","Enjoy fresh Local Sourced Farm Fresh White Eggs #662. High quality grocery product delivered directly to your doorstep by Vrindavan Mart."
"Deluxe Double Choco Chip Muffin #663","bakery",120,144,"4 pcs",112,"https://images.unsplash.com/photo-1607958996333-41aef7caefaa?w=500","Enjoy fresh Deluxe Double Choco Chip Muffin #663. High quality grocery product delivered directly to your doorstep by Vrindavan Mart."
"Deluxe Rich Dark Roast Coffee #664","beverages",255,306,"200 g",113,"https://images.unsplash.com/photo-1610889556528-9a770e32642f?w=500","Enjoy fresh Deluxe Rich Dark Roast Coffee #664. High quality grocery product delivered directly to your doorstep by Vrindavan Mart."
"Classic Crispy Salted Potato Chips #665","snacks",40,48,"90 g",114,"https://images.unsplash.com/photo-1566478989037-eec170784d0b?w=500","Enjoy fresh Classic Crispy Salted Potato Chips #665. High quality grocery product delivered directly to your doorstep by Vrindavan Mart."
"Classic Chakki Fresh Whole Wheat Atta #666","staples-grains",250,300,"5 kg",115,"https://images.unsplash.com/photo-1509440159596-0249088772ff?w=500","Enjoy fresh Classic Chakki Fresh Whole Wheat Atta #666. High quality grocery product delivered directly to your doorstep by Vrindavan Mart."
"Select Fresh Spinach Bunch #667","fruits-vegetables",50,60,"250 g",116,"https://images.unsplash.com/photo-1576045057995-568f588f82fb?w=500","Enjoy fresh Select Fresh Spinach Bunch #667. High quality grocery product delivered directly to your doorstep by Vrindavan Mart."
"Farm Fresh Farm Fresh White Eggs #668","dairy-eggs",77,92,"6 pcs",117,"https://images.unsplash.com/photo-1582722872445-44dc5f7e3c8f?w=500","Enjoy fresh Farm Fresh Farm Fresh White Eggs #668. High quality grocery product delivered directly to your doorstep by Vrindavan Mart."
"Handpicked 100% Whole Wheat Bread #669","bakery",85,102,"400 g",118,"https://images.unsplash.com/photo-1509440159596-0249088772ff?w=500","Enjoy fresh Handpicked 100% Whole Wheat Bread #669. High quality grocery product delivered directly to your doorstep by Vrindavan Mart."
"Handpicked Classic Green Tea Bags #670","beverages",220,264,"25 bags",119,"https://images.unsplash.com/photo-1627435601361-ec25f5b1d0e5?w=500","Enjoy fresh Handpicked Classic Green Tea Bags #670. High quality grocery product delivered directly to your doorstep by Vrindavan Mart."
"Handpicked Butter Choco Chip Cookies #671","snacks",100,120,"150 g",120,"https://images.unsplash.com/photo-1499636136210-6f4ee915583e?w=500","Enjoy fresh Handpicked Butter Choco Chip Cookies #671. High quality grocery product delivered directly to your doorstep by Vrindavan Mart."
"Handpicked Refined Sunflower Oil Pouch #672","staples-grains",190,228,"1 L",121,"https://images.unsplash.com/photo-1474979266404-7eaacbcd87c5?w=500","Enjoy fresh Handpicked Refined Sunflower Oil Pouch #672. High quality grocery product delivered directly to your doorstep by Vrindavan Mart."
"Fresh Crisp Shimla Apples #673","fruits-vegetables",220,264,"1 kg",122,"https://images.unsplash.com/photo-1560806887-1e4cd0b6cbd6?w=500","Enjoy fresh Fresh Crisp Shimla Apples #673. High quality grocery product delivered directly to your doorstep by Vrindavan Mart."
"Premium Farm Fresh White Eggs #674","dairy-eggs",107,128,"6 pcs",123,"https://images.unsplash.com/photo-1582722872445-44dc5f7e3c8f?w=500","Enjoy fresh Premium Farm Fresh White Eggs #674. High quality grocery product delivered directly to your doorstep by Vrindavan Mart."
"Natural Double Choco Chip Muffin #675","bakery",180,216,"4 pcs",124,"https://images.unsplash.com/photo-1607958996333-41aef7caefaa?w=500","Enjoy fresh Natural Double Choco Chip Muffin #675. High quality grocery product delivered directly to your doorstep by Vrindavan Mart."
"Natural Rich Dark Roast Coffee #676","beverages",240,288,"200 g",125,"https://images.unsplash.com/photo-1610889556528-9a770e32642f?w=500","Enjoy fresh Natural Rich Dark Roast Coffee #676. High quality grocery product delivered directly to your doorstep by Vrindavan Mart."
"Daily Crispy Salted Potato Chips #677","snacks",25,30,"90 g",126,"https://images.unsplash.com/photo-1566478989037-eec170784d0b?w=500","Enjoy fresh Daily Crispy Salted Potato Chips #677. High quality grocery product delivered directly to your doorstep by Vrindavan Mart."
"Daily Chakki Fresh Whole Wheat Atta #678","staples-grains",235,282,"5 kg",127,"https://images.unsplash.com/photo-1509440159596-0249088772ff?w=500","Enjoy fresh Daily Chakki Fresh Whole Wheat Atta #678. High quality grocery product delivered directly to your doorstep by Vrindavan Mart."
"Fresh Green Broccoli #679","fruits-vegetables",80,96,"1 pc",128,"https://images.unsplash.com/photo-1459411621453-7b03977f4bfc?w=500","Enjoy fresh Fresh Green Broccoli #679. High quality grocery product delivered directly to your doorstep by Vrindavan Mart."
"Organic Farm Fresh White Eggs #680","dairy-eggs",62,74,"6 pcs",129,"https://images.unsplash.com/photo-1582722872445-44dc5f7e3c8f?w=500","Enjoy fresh Organic Farm Fresh White Eggs #680. High quality grocery product delivered directly to your doorstep by Vrindavan Mart."
"Value Pack 100% Whole Wheat Bread #681","bakery",70,84,"400 g",130,"https://images.unsplash.com/photo-1509440159596-0249088772ff?w=500","Enjoy fresh Value Pack 100% Whole Wheat Bread #681. High quality grocery product delivered directly to your doorstep by Vrindavan Mart."
"Value Pack Classic Green Tea Bags #682","beverages",205,246,"25 bags",131,"https://images.unsplash.com/photo-1627435601361-ec25f5b1d0e5?w=500","Enjoy fresh Value Pack Classic Green Tea Bags #682. High quality grocery product delivered directly to your doorstep by Vrindavan Mart."
"Value Pack Butter Choco Chip Cookies #683","snacks",85,102,"150 g",132,"https://images.unsplash.com/photo-1499636136210-6f4ee915583e?w=500","Enjoy fresh Value Pack Butter Choco Chip Cookies #683. High quality grocery product delivered directly to your doorstep by Vrindavan Mart."
"Value Pack Refined Sunflower Oil Pouch #684","staples-grains",175,210,"1 L",133,"https://images.unsplash.com/photo-1474979266404-7eaacbcd87c5?w=500","Enjoy fresh Value Pack Refined Sunflower Oil Pouch #684. High quality grocery product delivered directly to your doorstep by Vrindavan Mart."
"Special New Crop Potatoes #685","fruits-vegetables",69,83,"1 kg",134,"https://images.unsplash.com/photo-1518977676601-b53f82aba655?w=500","Enjoy fresh Special New Crop Potatoes #685. High quality grocery product delivered directly to your doorstep by Vrindavan Mart."
"Select Farm Fresh White Eggs #686","dairy-eggs",92,110,"6 pcs",135,"https://images.unsplash.com/photo-1582722872445-44dc5f7e3c8f?w=500","Enjoy fresh Select Farm Fresh White Eggs #686. High quality grocery product delivered directly to your doorstep by Vrindavan Mart."
"Super Saver Double Choco Chip Muffin #687","bakery",165,198,"4 pcs",136,"https://images.unsplash.com/photo-1607958996333-41aef7caefaa?w=500","Enjoy fresh Super Saver Double Choco Chip Muffin #687. High quality grocery product delivered directly to your doorstep by Vrindavan Mart."
"Super Saver Rich Dark Roast Coffee #688","beverages",300,360,"200 g",137,"https://images.unsplash.com/photo-1610889556528-9a770e32642f?w=500","Enjoy fresh Super Saver Rich Dark Roast Coffee #688. High quality grocery product delivered directly to your doorstep by Vrindavan Mart."
"Gold Crispy Salted Potato Chips #689","snacks",85,102,"90 g",138,"https://images.unsplash.com/photo-1566478989037-eec170784d0b?w=500","Enjoy fresh Gold Crispy Salted Potato Chips #689. High quality grocery product delivered directly to your doorstep by Vrindavan Mart."
"Gold Chakki Fresh Whole Wheat Atta #690","staples-grains",295,354,"5 kg",139,"https://images.unsplash.com/photo-1509440159596-0249088772ff?w=500","Enjoy fresh Gold Chakki Fresh Whole Wheat Atta #690. High quality grocery product delivered directly to your doorstep by Vrindavan Mart."
"Deluxe Fresh Organic Tomatoes #691","fruits-vegetables",35,42,"1 kg",140,"https://images.unsplash.com/photo-1592924357228-91a4daadcfea?w=500","Enjoy fresh Deluxe Fresh Organic Tomatoes #691. High quality grocery product delivered directly to your doorstep by Vrindavan Mart."
"Fresh Farm Fresh White Eggs #692","dairy-eggs",47,56,"6 pcs",141,"https://images.unsplash.com/photo-1582722872445-44dc5f7e3c8f?w=500","Enjoy fresh Fresh Farm Fresh White Eggs #692. High quality grocery product delivered directly to your doorstep by Vrindavan Mart."
"Chef Edition 100% Whole Wheat Bread #693","bakery",55,66,"400 g",142,"https://images.unsplash.com/photo-1509440159596-0249088772ff?w=500","Enjoy fresh Chef Edition 100% Whole Wheat Bread #693. High quality grocery product delivered directly to your doorstep by Vrindavan Mart."
"Chef Edition Classic Green Tea Bags #694","beverages",190,228,"25 bags",143,"https://images.unsplash.com/photo-1627435601361-ec25f5b1d0e5?w=500","Enjoy fresh Chef Edition Classic Green Tea Bags #694. High quality grocery product delivered directly to your doorstep by Vrindavan Mart."
"Chef Edition Butter Choco Chip Cookies #695","snacks",70,84,"150 g",144,"https://images.unsplash.com/photo-1499636136210-6f4ee915583e?w=500","Enjoy fresh Chef Edition Butter Choco Chip Cookies #695. High quality grocery product delivered directly to your doorstep by Vrindavan Mart."
"Chef Edition Refined Sunflower Oil Pouch #696","staples-grains",160,192,"1 L",145,"https://images.unsplash.com/photo-1474979266404-7eaacbcd87c5?w=500","Enjoy fresh Chef Edition Refined Sunflower Oil Pouch #696. High quality grocery product delivered directly to your doorstep by Vrindavan Mart."
"Deluxe Fresh Spinach Bunch #697","fruits-vegetables",50,60,"250 g",146,"https://images.unsplash.com/photo-1576045057995-568f588f82fb?w=500","Enjoy fresh Deluxe Fresh Spinach Bunch #697. High quality grocery product delivered directly to your doorstep by Vrindavan Mart."
"Special Farm Fresh White Eggs #698","dairy-eggs",77,92,"6 pcs",147,"https://images.unsplash.com/photo-1582722872445-44dc5f7e3c8f?w=500","Enjoy fresh Special Farm Fresh White Eggs #698. High quality grocery product delivered directly to your doorstep by Vrindavan Mart."
"Local Sourced Double Choco Chip Muffin #699","bakery",150,180,"4 pcs",148,"https://images.unsplash.com/photo-1607958996333-41aef7caefaa?w=500","Enjoy fresh Local Sourced Double Choco Chip Muffin #699. High quality grocery product delivered directly to your doorstep by Vrindavan Mart."
"Local Sourced Rich Dark Roast Coffee #700","beverages",285,342,"200 g",149,"https://images.unsplash.com/photo-1610889556528-9a770e32642f?w=500","Enjoy fresh Local Sourced Rich Dark Roast Coffee #700. High quality grocery product delivered directly to your doorstep by Vrindavan Mart."
"Farm Fresh Crispy Salted Potato Chips #701","snacks",70,84,"90 g",150,"https://images.unsplash.com/photo-1566478989037-eec170784d0b?w=500","Enjoy fresh Farm Fresh Crispy Salted Potato Chips #701. High quality grocery product delivered directly to your doorstep by Vrindavan Mart."
"Farm Fresh Chakki Fresh Whole Wheat Atta #702","staples-grains",280,336,"5 kg",151,"https://images.unsplash.com/photo-1509440159596-0249088772ff?w=500","Enjoy fresh Farm Fresh Chakki Fresh Whole Wheat Atta #702. High quality grocery product delivered directly to your doorstep by Vrindavan Mart."
"Classic Crisp Shimla Apples #703","fruits-vegetables",220,264,"1 kg",152,"https://images.unsplash.com/photo-1560806887-1e4cd0b6cbd6?w=500","Enjoy fresh Classic Crisp Shimla Apples #703. High quality grocery product delivered directly to your doorstep by Vrindavan Mart."
"Deluxe Farm Fresh White Eggs #704","dairy-eggs",107,128,"6 pcs",153,"https://images.unsplash.com/photo-1582722872445-44dc5f7e3c8f?w=500","Enjoy fresh Deluxe Farm Fresh White Eggs #704. High quality grocery product delivered directly to your doorstep by Vrindavan Mart."
"Premium 100% Whole Wheat Bread #705","bakery",115,138,"400 g",154,"https://images.unsplash.com/photo-1509440159596-0249088772ff?w=500","Enjoy fresh Premium 100% Whole Wheat Bread #705. High quality grocery product delivered directly to your doorstep by Vrindavan Mart."
"Premium Classic Green Tea Bags #706","beverages",175,210,"25 bags",155,"https://images.unsplash.com/photo-1627435601361-ec25f5b1d0e5?w=500","Enjoy fresh Premium Classic Green Tea Bags #706. High quality grocery product delivered directly to your doorstep by Vrindavan Mart."
"Premium Butter Choco Chip Cookies #707","snacks",55,66,"150 g",156,"https://images.unsplash.com/photo-1499636136210-6f4ee915583e?w=500","Enjoy fresh Premium Butter Choco Chip Cookies #707. High quality grocery product delivered directly to your doorstep by Vrindavan Mart."
"Premium Refined Sunflower Oil Pouch #708","staples-grains",145,174,"1 L",157,"https://images.unsplash.com/photo-1474979266404-7eaacbcd87c5?w=500","Enjoy fresh Premium Refined Sunflower Oil Pouch #708. High quality grocery product delivered directly to your doorstep by Vrindavan Mart."
"Classic Green Broccoli #709","fruits-vegetables",80,96,"1 pc",158,"https://images.unsplash.com/photo-1459411621453-7b03977f4bfc?w=500","Enjoy fresh Classic Green Broccoli #709. High quality grocery product delivered directly to your doorstep by Vrindavan Mart."
"Classic Farm Fresh White Eggs #710","dairy-eggs",62,74,"6 pcs",159,"https://images.unsplash.com/photo-1582722872445-44dc5f7e3c8f?w=500","Enjoy fresh Classic Farm Fresh White Eggs #710. High quality grocery product delivered directly to your doorstep by Vrindavan Mart."
"Organic Double Choco Chip Muffin #711","bakery",135,162,"4 pcs",160,"https://images.unsplash.com/photo-1607958996333-41aef7caefaa?w=500","Enjoy fresh Organic Double Choco Chip Muffin #711. High quality grocery product delivered directly to your doorstep by Vrindavan Mart."
"Organic Rich Dark Roast Coffee #712","beverages",270,324,"200 g",161,"https://images.unsplash.com/photo-1610889556528-9a770e32642f?w=500","Enjoy fresh Organic Rich Dark Roast Coffee #712. High quality grocery product delivered directly to your doorstep by Vrindavan Mart."
"Select Crispy Salted Potato Chips #713","snacks",55,66,"90 g",162,"https://images.unsplash.com/photo-1566478989037-eec170784d0b?w=500","Enjoy fresh Select Crispy Salted Potato Chips #713. High quality grocery product delivered directly to your doorstep by Vrindavan Mart."
"Select Chakki Fresh Whole Wheat Atta #714","staples-grains",265,318,"5 kg",163,"https://images.unsplash.com/photo-1509440159596-0249088772ff?w=500","Enjoy fresh Select Chakki Fresh Whole Wheat Atta #714. High quality grocery product delivered directly to your doorstep by Vrindavan Mart."
"Handpicked New Crop Potatoes #715","fruits-vegetables",69,83,"1 kg",164,"https://images.unsplash.com/photo-1518977676601-b53f82aba655?w=500","Enjoy fresh Handpicked New Crop Potatoes #715. High quality grocery product delivered directly to your doorstep by Vrindavan Mart."
"Handpicked Farm Fresh White Eggs #716","dairy-eggs",92,110,"6 pcs",165,"https://images.unsplash.com/photo-1582722872445-44dc5f7e3c8f?w=500","Enjoy fresh Handpicked Farm Fresh White Eggs #716. High quality grocery product delivered directly to your doorstep by Vrindavan Mart."
"Fresh 100% Whole Wheat Bread #717","bakery",100,120,"400 g",166,"https://images.unsplash.com/photo-1509440159596-0249088772ff?w=500","Enjoy fresh Fresh 100% Whole Wheat Bread #717. High quality grocery product delivered directly to your doorstep by Vrindavan Mart."
"Fresh Classic Green Tea Bags #718","beverages",235,282,"25 bags",167,"https://images.unsplash.com/photo-1627435601361-ec25f5b1d0e5?w=500","Enjoy fresh Fresh Classic Green Tea Bags #718. High quality grocery product delivered directly to your doorstep by Vrindavan Mart."
"Fresh Butter Choco Chip Cookies #719","snacks",115,138,"150 g",168,"https://images.unsplash.com/photo-1499636136210-6f4ee915583e?w=500","Enjoy fresh Fresh Butter Choco Chip Cookies #719. High quality grocery product delivered directly to your doorstep by Vrindavan Mart."
"Fresh Refined Sunflower Oil Pouch #720","staples-grains",205,246,"1 L",169,"https://images.unsplash.com/photo-1474979266404-7eaacbcd87c5?w=500","Enjoy fresh Fresh Refined Sunflower Oil Pouch #720. High quality grocery product delivered directly to your doorstep by Vrindavan Mart."
"Natural Fresh Organic Tomatoes #721","fruits-vegetables",35,42,"1 kg",170,"https://images.unsplash.com/photo-1592924357228-91a4daadcfea?w=500","Enjoy fresh Natural Fresh Organic Tomatoes #721. High quality grocery product delivered directly to your doorstep by Vrindavan Mart."
"Natural Farm Fresh White Eggs #722","dairy-eggs",47,56,"6 pcs",171,"https://images.unsplash.com/photo-1582722872445-44dc5f7e3c8f?w=500","Enjoy fresh Natural Farm Fresh White Eggs #722. High quality grocery product delivered directly to your doorstep by Vrindavan Mart."
"Special Double Choco Chip Muffin #723","bakery",120,144,"4 pcs",172,"https://images.unsplash.com/photo-1607958996333-41aef7caefaa?w=500","Enjoy fresh Special Double Choco Chip Muffin #723. High quality grocery product delivered directly to your doorstep by Vrindavan Mart."
"Special Rich Dark Roast Coffee #724","beverages",255,306,"200 g",173,"https://images.unsplash.com/photo-1610889556528-9a770e32642f?w=500","Enjoy fresh Special Rich Dark Roast Coffee #724. High quality grocery product delivered directly to your doorstep by Vrindavan Mart."
"Deluxe Crispy Salted Potato Chips #725","snacks",40,48,"90 g",174,"https://images.unsplash.com/photo-1566478989037-eec170784d0b?w=500","Enjoy fresh Deluxe Crispy Salted Potato Chips #725. High quality grocery product delivered directly to your doorstep by Vrindavan Mart."
"Deluxe Chakki Fresh Whole Wheat Atta #726","staples-grains",250,300,"5 kg",175,"https://images.unsplash.com/photo-1509440159596-0249088772ff?w=500","Enjoy fresh Deluxe Chakki Fresh Whole Wheat Atta #726. High quality grocery product delivered directly to your doorstep by Vrindavan Mart."
"Natural Fresh Spinach Bunch #727","fruits-vegetables",50,60,"250 g",176,"https://images.unsplash.com/photo-1576045057995-568f588f82fb?w=500","Enjoy fresh Natural Fresh Spinach Bunch #727. High quality grocery product delivered directly to your doorstep by Vrindavan Mart."
"Daily Farm Fresh White Eggs #728","dairy-eggs",77,92,"6 pcs",177,"https://images.unsplash.com/photo-1582722872445-44dc5f7e3c8f?w=500","Enjoy fresh Daily Farm Fresh White Eggs #728. High quality grocery product delivered directly to your doorstep by Vrindavan Mart."
"Classic 100% Whole Wheat Bread #729","bakery",85,102,"400 g",178,"https://images.unsplash.com/photo-1509440159596-0249088772ff?w=500","Enjoy fresh Classic 100% Whole Wheat Bread #729. High quality grocery product delivered directly to your doorstep by Vrindavan Mart."
"Classic Classic Green Tea Bags #730","beverages",220,264,"25 bags",179,"https://images.unsplash.com/photo-1627435601361-ec25f5b1d0e5?w=500","Enjoy fresh Classic Classic Green Tea Bags #730. High quality grocery product delivered directly to your doorstep by Vrindavan Mart."
"Classic Butter Choco Chip Cookies #731","snacks",100,120,"150 g",180,"https://images.unsplash.com/photo-1499636136210-6f4ee915583e?w=500","Enjoy fresh Classic Butter Choco Chip Cookies #731. High quality grocery product delivered directly to your doorstep by Vrindavan Mart."
"Classic Refined Sunflower Oil Pouch #732","staples-grains",190,228,"1 L",181,"https://images.unsplash.com/photo-1474979266404-7eaacbcd87c5?w=500","Enjoy fresh Classic Refined Sunflower Oil Pouch #732. High quality grocery product delivered directly to your doorstep by Vrindavan Mart."
"Daily Crisp Shimla Apples #733","fruits-vegetables",220,264,"1 kg",182,"https://images.unsplash.com/photo-1560806887-1e4cd0b6cbd6?w=500","Enjoy fresh Daily Crisp Shimla Apples #733. High quality grocery product delivered directly to your doorstep by Vrindavan Mart."
"Value Pack Farm Fresh White Eggs #734","dairy-eggs",107,128,"6 pcs",183,"https://images.unsplash.com/photo-1582722872445-44dc5f7e3c8f?w=500","Enjoy fresh Value Pack Farm Fresh White Eggs #734. High quality grocery product delivered directly to your doorstep by Vrindavan Mart."
"Handpicked Double Choco Chip Muffin #735","bakery",180,216,"4 pcs",184,"https://images.unsplash.com/photo-1607958996333-41aef7caefaa?w=500","Enjoy fresh Handpicked Double Choco Chip Muffin #735. High quality grocery product delivered directly to your doorstep by Vrindavan Mart."
"Handpicked Rich Dark Roast Coffee #736","beverages",240,288,"200 g",185,"https://images.unsplash.com/photo-1610889556528-9a770e32642f?w=500","Enjoy fresh Handpicked Rich Dark Roast Coffee #736. High quality grocery product delivered directly to your doorstep by Vrindavan Mart."
"Natural Crispy Salted Potato Chips #737","snacks",25,30,"90 g",186,"https://images.unsplash.com/photo-1566478989037-eec170784d0b?w=500","Enjoy fresh Natural Crispy Salted Potato Chips #737. High quality grocery product delivered directly to your doorstep by Vrindavan Mart."
"Natural Chakki Fresh Whole Wheat Atta #738","staples-grains",235,282,"5 kg",187,"https://images.unsplash.com/photo-1509440159596-0249088772ff?w=500","Enjoy fresh Natural Chakki Fresh Whole Wheat Atta #738. High quality grocery product delivered directly to your doorstep by Vrindavan Mart."
"Daily Green Broccoli #739","fruits-vegetables",80,96,"1 pc",188,"https://images.unsplash.com/photo-1459411621453-7b03977f4bfc?w=500","Enjoy fresh Daily Green Broccoli #739. High quality grocery product delivered directly to your doorstep by Vrindavan Mart."
"Super Saver Farm Fresh White Eggs #740","dairy-eggs",62,74,"6 pcs",189,"https://images.unsplash.com/photo-1582722872445-44dc5f7e3c8f?w=500","Enjoy fresh Super Saver Farm Fresh White Eggs #740. High quality grocery product delivered directly to your doorstep by Vrindavan Mart."
"Daily 100% Whole Wheat Bread #741","bakery",70,84,"400 g",190,"https://images.unsplash.com/photo-1509440159596-0249088772ff?w=500","Enjoy fresh Daily 100% Whole Wheat Bread #741. High quality grocery product delivered directly to your doorstep by Vrindavan Mart."
"Daily Classic Green Tea Bags #742","beverages",205,246,"25 bags",191,"https://images.unsplash.com/photo-1627435601361-ec25f5b1d0e5?w=500","Enjoy fresh Daily Classic Green Tea Bags #742. High quality grocery product delivered directly to your doorstep by Vrindavan Mart."
"Daily Butter Choco Chip Cookies #743","snacks",85,102,"150 g",192,"https://images.unsplash.com/photo-1499636136210-6f4ee915583e?w=500","Enjoy fresh Daily Butter Choco Chip Cookies #743. High quality grocery product delivered directly to your doorstep by Vrindavan Mart."
"Daily Refined Sunflower Oil Pouch #744","staples-grains",175,210,"1 L",193,"https://images.unsplash.com/photo-1474979266404-7eaacbcd87c5?w=500","Enjoy fresh Daily Refined Sunflower Oil Pouch #744. High quality grocery product delivered directly to your doorstep by Vrindavan Mart."
"Value Pack New Crop Potatoes #745","fruits-vegetables",69,83,"1 kg",194,"https://images.unsplash.com/photo-1518977676601-b53f82aba655?w=500","Enjoy fresh Value Pack New Crop Potatoes #745. High quality grocery product delivered directly to your doorstep by Vrindavan Mart."
"Gold Farm Fresh White Eggs #746","dairy-eggs",92,110,"6 pcs",195,"https://images.unsplash.com/photo-1582722872445-44dc5f7e3c8f?w=500","Enjoy fresh Gold Farm Fresh White Eggs #746. High quality grocery product delivered directly to your doorstep by Vrindavan Mart."
"Value Pack Double Choco Chip Muffin #747","bakery",165,198,"4 pcs",196,"https://images.unsplash.com/photo-1607958996333-41aef7caefaa?w=500","Enjoy fresh Value Pack Double Choco Chip Muffin #747. High quality grocery product delivered directly to your doorstep by Vrindavan Mart."
"Value Pack Rich Dark Roast Coffee #748","beverages",300,360,"200 g",197,"https://images.unsplash.com/photo-1610889556528-9a770e32642f?w=500","Enjoy fresh Value Pack Rich Dark Roast Coffee #748. High quality grocery product delivered directly to your doorstep by Vrindavan Mart."
"Super Saver Crispy Salted Potato Chips #749","snacks",85,102,"90 g",198,"https://images.unsplash.com/photo-1566478989037-eec170784d0b?w=500","Enjoy fresh Super Saver Crispy Salted Potato Chips #749. High quality grocery product delivered directly to your doorstep by Vrindavan Mart."
"Super Saver Chakki Fresh Whole Wheat Atta #750","staples-grains",295,354,"5 kg",199,"https://images.unsplash.com/photo-1509440159596-0249088772ff?w=500","Enjoy fresh Super Saver Chakki Fresh Whole Wheat Atta #750. High quality grocery product delivered directly to your doorstep by Vrindavan Mart."
"Super Saver Fresh Organic Tomatoes #751","fruits-vegetables",35,42,"1 kg",50,"https://images.unsplash.com/photo-1592924357228-91a4daadcfea?w=500","Enjoy fresh Super Saver Fresh Organic Tomatoes #751. High quality grocery product delivered directly to your doorstep by Vrindavan Mart."
"Chef Edition Farm Fresh White Eggs #752","dairy-eggs",47,56,"6 pcs",51,"https://images.unsplash.com/photo-1582722872445-44dc5f7e3c8f?w=500","Enjoy fresh Chef Edition Farm Fresh White Eggs #752. High quality grocery product delivered directly to your doorstep by Vrindavan Mart."
"Gold 100% Whole Wheat Bread #753","bakery",55,66,"400 g",52,"https://images.unsplash.com/photo-1509440159596-0249088772ff?w=500","Enjoy fresh Gold 100% Whole Wheat Bread #753. High quality grocery product delivered directly to your doorstep by Vrindavan Mart."
"Gold Classic Green Tea Bags #754","beverages",190,228,"25 bags",53,"https://images.unsplash.com/photo-1627435601361-ec25f5b1d0e5?w=500","Enjoy fresh Gold Classic Green Tea Bags #754. High quality grocery product delivered directly to your doorstep by Vrindavan Mart."
"Gold Butter Choco Chip Cookies #755","snacks",70,84,"150 g",54,"https://images.unsplash.com/photo-1499636136210-6f4ee915583e?w=500","Enjoy fresh Gold Butter Choco Chip Cookies #755. High quality grocery product delivered directly to your doorstep by Vrindavan Mart."
"Gold Refined Sunflower Oil Pouch #756","staples-grains",160,192,"1 L",55,"https://images.unsplash.com/photo-1474979266404-7eaacbcd87c5?w=500","Enjoy fresh Gold Refined Sunflower Oil Pouch #756. High quality grocery product delivered directly to your doorstep by Vrindavan Mart."
"Super Saver Fresh Spinach Bunch #757","fruits-vegetables",50,60,"250 g",56,"https://images.unsplash.com/photo-1576045057995-568f588f82fb?w=500","Enjoy fresh Super Saver Fresh Spinach Bunch #757. High quality grocery product delivered directly to your doorstep by Vrindavan Mart."
"Local Sourced Farm Fresh White Eggs #758","dairy-eggs",77,92,"6 pcs",57,"https://images.unsplash.com/photo-1582722872445-44dc5f7e3c8f?w=500","Enjoy fresh Local Sourced Farm Fresh White Eggs #758. High quality grocery product delivered directly to your doorstep by Vrindavan Mart."
"Chef Edition Double Choco Chip Muffin #759","bakery",150,180,"4 pcs",58,"https://images.unsplash.com/photo-1607958996333-41aef7caefaa?w=500","Enjoy fresh Chef Edition Double Choco Chip Muffin #759. High quality grocery product delivered directly to your doorstep by Vrindavan Mart."
"Chef Edition Rich Dark Roast Coffee #760","beverages",285,342,"200 g",59,"https://images.unsplash.com/photo-1610889556528-9a770e32642f?w=500","Enjoy fresh Chef Edition Rich Dark Roast Coffee #760. High quality grocery product delivered directly to your doorstep by Vrindavan Mart."
"Local Sourced Crispy Salted Potato Chips #761","snacks",70,84,"90 g",60,"https://images.unsplash.com/photo-1566478989037-eec170784d0b?w=500","Enjoy fresh Local Sourced Crispy Salted Potato Chips #761. High quality grocery product delivered directly to your doorstep by Vrindavan Mart."
"Local Sourced Chakki Fresh Whole Wheat Atta #762","staples-grains",280,336,"5 kg",61,"https://images.unsplash.com/photo-1509440159596-0249088772ff?w=500","Enjoy fresh Local Sourced Chakki Fresh Whole Wheat Atta #762. High quality grocery product delivered directly to your doorstep by Vrindavan Mart."
"Gold Crisp Shimla Apples #763","fruits-vegetables",220,264,"1 kg",62,"https://images.unsplash.com/photo-1560806887-1e4cd0b6cbd6?w=500","Enjoy fresh Gold Crisp Shimla Apples #763. High quality grocery product delivered directly to your doorstep by Vrindavan Mart."
"Farm Fresh Farm Fresh White Eggs #764","dairy-eggs",107,128,"6 pcs",63,"https://images.unsplash.com/photo-1582722872445-44dc5f7e3c8f?w=500","Enjoy fresh Farm Fresh Farm Fresh White Eggs #764. High quality grocery product delivered directly to your doorstep by Vrindavan Mart."
"Farm Fresh 100% Whole Wheat Bread #765","bakery",115,138,"400 g",64,"https://images.unsplash.com/photo-1509440159596-0249088772ff?w=500","Enjoy fresh Farm Fresh 100% Whole Wheat Bread #765. High quality grocery product delivered directly to your doorstep by Vrindavan Mart."
"Farm Fresh Classic Green Tea Bags #766","beverages",175,210,"25 bags",65,"https://images.unsplash.com/photo-1627435601361-ec25f5b1d0e5?w=500","Enjoy fresh Farm Fresh Classic Green Tea Bags #766. High quality grocery product delivered directly to your doorstep by Vrindavan Mart."
"Farm Fresh Butter Choco Chip Cookies #767","snacks",55,66,"150 g",66,"https://images.unsplash.com/photo-1499636136210-6f4ee915583e?w=500","Enjoy fresh Farm Fresh Butter Choco Chip Cookies #767. High quality grocery product delivered directly to your doorstep by Vrindavan Mart."
"Farm Fresh Refined Sunflower Oil Pouch #768","staples-grains",145,174,"1 L",67,"https://images.unsplash.com/photo-1474979266404-7eaacbcd87c5?w=500","Enjoy fresh Farm Fresh Refined Sunflower Oil Pouch #768. High quality grocery product delivered directly to your doorstep by Vrindavan Mart."
"Gold Green Broccoli #769","fruits-vegetables",80,96,"1 pc",68,"https://images.unsplash.com/photo-1459411621453-7b03977f4bfc?w=500","Enjoy fresh Gold Green Broccoli #769. High quality grocery product delivered directly to your doorstep by Vrindavan Mart."
"Premium Farm Fresh White Eggs #770","dairy-eggs",62,74,"6 pcs",69,"https://images.unsplash.com/photo-1582722872445-44dc5f7e3c8f?w=500","Enjoy fresh Premium Farm Fresh White Eggs #770. High quality grocery product delivered directly to your doorstep by Vrindavan Mart."
"Premium Double Choco Chip Muffin #771","bakery",135,162,"4 pcs",70,"https://images.unsplash.com/photo-1607958996333-41aef7caefaa?w=500","Enjoy fresh Premium Double Choco Chip Muffin #771. High quality grocery product delivered directly to your doorstep by Vrindavan Mart."
"Premium Rich Dark Roast Coffee #772","beverages",270,324,"200 g",71,"https://images.unsplash.com/photo-1610889556528-9a770e32642f?w=500","Enjoy fresh Premium Rich Dark Roast Coffee #772. High quality grocery product delivered directly to your doorstep by Vrindavan Mart."
"Organic Crispy Salted Potato Chips #773","snacks",55,66,"90 g",72,"https://images.unsplash.com/photo-1566478989037-eec170784d0b?w=500","Enjoy fresh Organic Crispy Salted Potato Chips #773. High quality grocery product delivered directly to your doorstep by Vrindavan Mart."
"Organic Chakki Fresh Whole Wheat Atta #774","staples-grains",265,318,"5 kg",73,"https://images.unsplash.com/photo-1509440159596-0249088772ff?w=500","Enjoy fresh Organic Chakki Fresh Whole Wheat Atta #774. High quality grocery product delivered directly to your doorstep by Vrindavan Mart."
"Chef Edition New Crop Potatoes #775","fruits-vegetables",69,83,"1 kg",74,"https://images.unsplash.com/photo-1518977676601-b53f82aba655?w=500","Enjoy fresh Chef Edition New Crop Potatoes #775. High quality grocery product delivered directly to your doorstep by Vrindavan Mart."
"Organic Farm Fresh White Eggs #776","dairy-eggs",92,110,"6 pcs",75,"https://images.unsplash.com/photo-1582722872445-44dc5f7e3c8f?w=500","Enjoy fresh Organic Farm Fresh White Eggs #776. High quality grocery product delivered directly to your doorstep by Vrindavan Mart."
"Select 100% Whole Wheat Bread #777","bakery",100,120,"400 g",76,"https://images.unsplash.com/photo-1509440159596-0249088772ff?w=500","Enjoy fresh Select 100% Whole Wheat Bread #777. High quality grocery product delivered directly to your doorstep by Vrindavan Mart."
"Select Classic Green Tea Bags #778","beverages",235,282,"25 bags",77,"https://images.unsplash.com/photo-1627435601361-ec25f5b1d0e5?w=500","Enjoy fresh Select Classic Green Tea Bags #778. High quality grocery product delivered directly to your doorstep by Vrindavan Mart."
"Select Butter Choco Chip Cookies #779","snacks",115,138,"150 g",78,"https://images.unsplash.com/photo-1499636136210-6f4ee915583e?w=500","Enjoy fresh Select Butter Choco Chip Cookies #779. High quality grocery product delivered directly to your doorstep by Vrindavan Mart."
"Select Refined Sunflower Oil Pouch #780","staples-grains",205,246,"1 L",79,"https://images.unsplash.com/photo-1474979266404-7eaacbcd87c5?w=500","Enjoy fresh Select Refined Sunflower Oil Pouch #780. High quality grocery product delivered directly to your doorstep by Vrindavan Mart."
"Local Sourced Fresh Organic Tomatoes #781","fruits-vegetables",35,42,"1 kg",80,"https://images.unsplash.com/photo-1592924357228-91a4daadcfea?w=500","Enjoy fresh Local Sourced Fresh Organic Tomatoes #781. High quality grocery product delivered directly to your doorstep by Vrindavan Mart."
"Select Farm Fresh White Eggs #782","dairy-eggs",47,56,"6 pcs",81,"https://images.unsplash.com/photo-1582722872445-44dc5f7e3c8f?w=500","Enjoy fresh Select Farm Fresh White Eggs #782. High quality grocery product delivered directly to your doorstep by Vrindavan Mart."
"Fresh Double Choco Chip Muffin #783","bakery",120,144,"4 pcs",82,"https://images.unsplash.com/photo-1607958996333-41aef7caefaa?w=500","Enjoy fresh Fresh Double Choco Chip Muffin #783. High quality grocery product delivered directly to your doorstep by Vrindavan Mart."
"Fresh Rich Dark Roast Coffee #784","beverages",255,306,"200 g",83,"https://images.unsplash.com/photo-1610889556528-9a770e32642f?w=500","Enjoy fresh Fresh Rich Dark Roast Coffee #784. High quality grocery product delivered directly to your doorstep by Vrindavan Mart."
"Special Crispy Salted Potato Chips #785","snacks",40,48,"90 g",84,"https://images.unsplash.com/photo-1566478989037-eec170784d0b?w=500","Enjoy fresh Special Crispy Salted Potato Chips #785. High quality grocery product delivered directly to your doorstep by Vrindavan Mart."
"Special Chakki Fresh Whole Wheat Atta #786","staples-grains",250,300,"5 kg",85,"https://images.unsplash.com/photo-1509440159596-0249088772ff?w=500","Enjoy fresh Special Chakki Fresh Whole Wheat Atta #786. High quality grocery product delivered directly to your doorstep by Vrindavan Mart."
"Local Sourced Fresh Spinach Bunch #787","fruits-vegetables",50,60,"250 g",86,"https://images.unsplash.com/photo-1576045057995-568f588f82fb?w=500","Enjoy fresh Local Sourced Fresh Spinach Bunch #787. High quality grocery product delivered directly to your doorstep by Vrindavan Mart."
"Fresh Farm Fresh White Eggs #788","dairy-eggs",77,92,"6 pcs",87,"https://images.unsplash.com/photo-1582722872445-44dc5f7e3c8f?w=500","Enjoy fresh Fresh Farm Fresh White Eggs #788. High quality grocery product delivered directly to your doorstep by Vrindavan Mart."
"Deluxe 100% Whole Wheat Bread #789","bakery",85,102,"400 g",88,"https://images.unsplash.com/photo-1509440159596-0249088772ff?w=500","Enjoy fresh Deluxe 100% Whole Wheat Bread #789. High quality grocery product delivered directly to your doorstep by Vrindavan Mart."
"Deluxe Classic Green Tea Bags #790","beverages",220,264,"25 bags",89,"https://images.unsplash.com/photo-1627435601361-ec25f5b1d0e5?w=500","Enjoy fresh Deluxe Classic Green Tea Bags #790. High quality grocery product delivered directly to your doorstep by Vrindavan Mart."
"Deluxe Butter Choco Chip Cookies #791","snacks",100,120,"150 g",90,"https://images.unsplash.com/photo-1499636136210-6f4ee915583e?w=500","Enjoy fresh Deluxe Butter Choco Chip Cookies #791. High quality grocery product delivered directly to your doorstep by Vrindavan Mart."
"Deluxe Refined Sunflower Oil Pouch #792","staples-grains",190,228,"1 L",91,"https://images.unsplash.com/photo-1474979266404-7eaacbcd87c5?w=500","Enjoy fresh Deluxe Refined Sunflower Oil Pouch #792. High quality grocery product delivered directly to your doorstep by Vrindavan Mart."
"Farm Fresh Crisp Shimla Apples #793","fruits-vegetables",220,264,"1 kg",92,"https://images.unsplash.com/photo-1560806887-1e4cd0b6cbd6?w=500","Enjoy fresh Farm Fresh Crisp Shimla Apples #793. High quality grocery product delivered directly to your doorstep by Vrindavan Mart."
"Special Farm Fresh White Eggs #794","dairy-eggs",107,128,"6 pcs",93,"https://images.unsplash.com/photo-1582722872445-44dc5f7e3c8f?w=500","Enjoy fresh Special Farm Fresh White Eggs #794. High quality grocery product delivered directly to your doorstep by Vrindavan Mart."
"Classic Double Choco Chip Muffin #795","bakery",180,216,"4 pcs",94,"https://images.unsplash.com/photo-1607958996333-41aef7caefaa?w=500","Enjoy fresh Classic Double Choco Chip Muffin #795. High quality grocery product delivered directly to your doorstep by Vrindavan Mart."
"Classic Rich Dark Roast Coffee #796","beverages",240,288,"200 g",95,"https://images.unsplash.com/photo-1610889556528-9a770e32642f?w=500","Enjoy fresh Classic Rich Dark Roast Coffee #796. High quality grocery product delivered directly to your doorstep by Vrindavan Mart."
"Handpicked Crispy Salted Potato Chips #797","snacks",25,30,"90 g",96,"https://images.unsplash.com/photo-1566478989037-eec170784d0b?w=500","Enjoy fresh Handpicked Crispy Salted Potato Chips #797. High quality grocery product delivered directly to your doorstep by Vrindavan Mart."
"Handpicked Chakki Fresh Whole Wheat Atta #798","staples-grains",235,282,"5 kg",97,"https://images.unsplash.com/photo-1509440159596-0249088772ff?w=500","Enjoy fresh Handpicked Chakki Fresh Whole Wheat Atta #798. High quality grocery product delivered directly to your doorstep by Vrindavan Mart."
"Farm Fresh Green Broccoli #799","fruits-vegetables",80,96,"1 pc",98,"https://images.unsplash.com/photo-1459411621453-7b03977f4bfc?w=500","Enjoy fresh Farm Fresh Green Broccoli #799. High quality grocery product delivered directly to your doorstep by Vrindavan Mart."
"Deluxe Farm Fresh White Eggs #800","dairy-eggs",62,74,"6 pcs",99,"https://images.unsplash.com/photo-1582722872445-44dc5f7e3c8f?w=500","Enjoy fresh Deluxe Farm Fresh White Eggs #800. High quality grocery product delivered directly to your doorstep by Vrindavan Mart."
"Natural 100% Whole Wheat Bread #801","bakery",70,84,"400 g",100,"https://images.unsplash.com/photo-1509440159596-0249088772ff?w=500","Enjoy fresh Natural 100% Whole Wheat Bread #801. High quality grocery product delivered directly to your doorstep by Vrindavan Mart."
"Natural Classic Green Tea Bags #802","beverages",205,246,"25 bags",101,"https://images.unsplash.com/photo-1627435601361-ec25f5b1d0e5?w=500","Enjoy fresh Natural Classic Green Tea Bags #802. High quality grocery product delivered directly to your doorstep by Vrindavan Mart."
"Natural Butter Choco Chip Cookies #803","snacks",85,102,"150 g",102,"https://images.unsplash.com/photo-1499636136210-6f4ee915583e?w=500","Enjoy fresh Natural Butter Choco Chip Cookies #803. High quality grocery product delivered directly to your doorstep by Vrindavan Mart."
"Natural Refined Sunflower Oil Pouch #804","staples-grains",175,210,"1 L",103,"https://images.unsplash.com/photo-1474979266404-7eaacbcd87c5?w=500","Enjoy fresh Natural Refined Sunflower Oil Pouch #804. High quality grocery product delivered directly to your doorstep by Vrindavan Mart."
"Premium New Crop Potatoes #805","fruits-vegetables",69,83,"1 kg",104,"https://images.unsplash.com/photo-1518977676601-b53f82aba655?w=500","Enjoy fresh Premium New Crop Potatoes #805. High quality grocery product delivered directly to your doorstep by Vrindavan Mart."
"Classic Farm Fresh White Eggs #806","dairy-eggs",92,110,"6 pcs",105,"https://images.unsplash.com/photo-1582722872445-44dc5f7e3c8f?w=500","Enjoy fresh Classic Farm Fresh White Eggs #806. High quality grocery product delivered directly to your doorstep by Vrindavan Mart."
"Daily Double Choco Chip Muffin #807","bakery",165,198,"4 pcs",106,"https://images.unsplash.com/photo-1607958996333-41aef7caefaa?w=500","Enjoy fresh Daily Double Choco Chip Muffin #807. High quality grocery product delivered directly to your doorstep by Vrindavan Mart."
"Daily Rich Dark Roast Coffee #808","beverages",300,360,"200 g",107,"https://images.unsplash.com/photo-1610889556528-9a770e32642f?w=500","Enjoy fresh Daily Rich Dark Roast Coffee #808. High quality grocery product delivered directly to your doorstep by Vrindavan Mart."
"Value Pack Crispy Salted Potato Chips #809","snacks",85,102,"90 g",108,"https://images.unsplash.com/photo-1566478989037-eec170784d0b?w=500","Enjoy fresh Value Pack Crispy Salted Potato Chips #809. High quality grocery product delivered directly to your doorstep by Vrindavan Mart."
"Value Pack Chakki Fresh Whole Wheat Atta #810","staples-grains",295,354,"5 kg",109,"https://images.unsplash.com/photo-1509440159596-0249088772ff?w=500","Enjoy fresh Value Pack Chakki Fresh Whole Wheat Atta #810. High quality grocery product delivered directly to your doorstep by Vrindavan Mart."
"Organic Fresh Organic Tomatoes #811","fruits-vegetables",35,42,"1 kg",110,"https://images.unsplash.com/photo-1592924357228-91a4daadcfea?w=500","Enjoy fresh Organic Fresh Organic Tomatoes #811. High quality grocery product delivered directly to your doorstep by Vrindavan Mart."
"Handpicked Farm Fresh White Eggs #812","dairy-eggs",47,56,"6 pcs",111,"https://images.unsplash.com/photo-1582722872445-44dc5f7e3c8f?w=500","Enjoy fresh Handpicked Farm Fresh White Eggs #812. High quality grocery product delivered directly to your doorstep by Vrindavan Mart."
"Super Saver 100% Whole Wheat Bread #813","bakery",55,66,"400 g",112,"https://images.unsplash.com/photo-1509440159596-0249088772ff?w=500","Enjoy fresh Super Saver 100% Whole Wheat Bread #813. High quality grocery product delivered directly to your doorstep by Vrindavan Mart."
"Super Saver Classic Green Tea Bags #814","beverages",190,228,"25 bags",113,"https://images.unsplash.com/photo-1627435601361-ec25f5b1d0e5?w=500","Enjoy fresh Super Saver Classic Green Tea Bags #814. High quality grocery product delivered directly to your doorstep by Vrindavan Mart."
"Super Saver Butter Choco Chip Cookies #815","snacks",70,84,"150 g",114,"https://images.unsplash.com/photo-1499636136210-6f4ee915583e?w=500","Enjoy fresh Super Saver Butter Choco Chip Cookies #815. High quality grocery product delivered directly to your doorstep by Vrindavan Mart."
"Super Saver Refined Sunflower Oil Pouch #816","staples-grains",160,192,"1 L",115,"https://images.unsplash.com/photo-1474979266404-7eaacbcd87c5?w=500","Enjoy fresh Super Saver Refined Sunflower Oil Pouch #816. High quality grocery product delivered directly to your doorstep by Vrindavan Mart."
"Organic Fresh Spinach Bunch #817","fruits-vegetables",50,60,"250 g",116,"https://images.unsplash.com/photo-1576045057995-568f588f82fb?w=500","Enjoy fresh Organic Fresh Spinach Bunch #817. High quality grocery product delivered directly to your doorstep by Vrindavan Mart."
"Natural Farm Fresh White Eggs #818","dairy-eggs",77,92,"6 pcs",117,"https://images.unsplash.com/photo-1582722872445-44dc5f7e3c8f?w=500","Enjoy fresh Natural Farm Fresh White Eggs #818. High quality grocery product delivered directly to your doorstep by Vrindavan Mart."
"Gold Double Choco Chip Muffin #819","bakery",150,180,"4 pcs",118,"https://images.unsplash.com/photo-1607958996333-41aef7caefaa?w=500","Enjoy fresh Gold Double Choco Chip Muffin #819. High quality grocery product delivered directly to your doorstep by Vrindavan Mart."
"Gold Rich Dark Roast Coffee #820","beverages",285,342,"200 g",119,"https://images.unsplash.com/photo-1610889556528-9a770e32642f?w=500","Enjoy fresh Gold Rich Dark Roast Coffee #820. High quality grocery product delivered directly to your doorstep by Vrindavan Mart."
"Chef Edition Crispy Salted Potato Chips #821","snacks",70,84,"90 g",120,"https://images.unsplash.com/photo-1566478989037-eec170784d0b?w=500","Enjoy fresh Chef Edition Crispy Salted Potato Chips #821. High quality grocery product delivered directly to your doorstep by Vrindavan Mart."
"Chef Edition Chakki Fresh Whole Wheat Atta #822","staples-grains",280,336,"5 kg",121,"https://images.unsplash.com/photo-1509440159596-0249088772ff?w=500","Enjoy fresh Chef Edition Chakki Fresh Whole Wheat Atta #822. High quality grocery product delivered directly to your doorstep by Vrindavan Mart."
"Select Crisp Shimla Apples #823","fruits-vegetables",220,264,"1 kg",122,"https://images.unsplash.com/photo-1560806887-1e4cd0b6cbd6?w=500","Enjoy fresh Select Crisp Shimla Apples #823. High quality grocery product delivered directly to your doorstep by Vrindavan Mart."
"Daily Farm Fresh White Eggs #824","dairy-eggs",107,128,"6 pcs",123,"https://images.unsplash.com/photo-1582722872445-44dc5f7e3c8f?w=500","Enjoy fresh Daily Farm Fresh White Eggs #824. High quality grocery product delivered directly to your doorstep by Vrindavan Mart."
"Local Sourced 100% Whole Wheat Bread #825","bakery",115,138,"400 g",124,"https://images.unsplash.com/photo-1509440159596-0249088772ff?w=500","Enjoy fresh Local Sourced 100% Whole Wheat Bread #825. High quality grocery product delivered directly to your doorstep by Vrindavan Mart."
"Local Sourced Classic Green Tea Bags #826","beverages",175,210,"25 bags",125,"https://images.unsplash.com/photo-1627435601361-ec25f5b1d0e5?w=500","Enjoy fresh Local Sourced Classic Green Tea Bags #826. High quality grocery product delivered directly to your doorstep by Vrindavan Mart."
"Local Sourced Butter Choco Chip Cookies #827","snacks",55,66,"150 g",126,"https://images.unsplash.com/photo-1499636136210-6f4ee915583e?w=500","Enjoy fresh Local Sourced Butter Choco Chip Cookies #827. High quality grocery product delivered directly to your doorstep by Vrindavan Mart."
"Local Sourced Refined Sunflower Oil Pouch #828","staples-grains",145,174,"1 L",127,"https://images.unsplash.com/photo-1474979266404-7eaacbcd87c5?w=500","Enjoy fresh Local Sourced Refined Sunflower Oil Pouch #828. High quality grocery product delivered directly to your doorstep by Vrindavan Mart."
"Select Green Broccoli #829","fruits-vegetables",80,96,"1 pc",128,"https://images.unsplash.com/photo-1459411621453-7b03977f4bfc?w=500","Enjoy fresh Select Green Broccoli #829. High quality grocery product delivered directly to your doorstep by Vrindavan Mart."
"Value Pack Farm Fresh White Eggs #830","dairy-eggs",62,74,"6 pcs",129,"https://images.unsplash.com/photo-1582722872445-44dc5f7e3c8f?w=500","Enjoy fresh Value Pack Farm Fresh White Eggs #830. High quality grocery product delivered directly to your doorstep by Vrindavan Mart."
"Farm Fresh Double Choco Chip Muffin #831","bakery",135,162,"4 pcs",130,"https://images.unsplash.com/photo-1607958996333-41aef7caefaa?w=500","Enjoy fresh Farm Fresh Double Choco Chip Muffin #831. High quality grocery product delivered directly to your doorstep by Vrindavan Mart."
"Farm Fresh Rich Dark Roast Coffee #832","beverages",270,324,"200 g",131,"https://images.unsplash.com/photo-1610889556528-9a770e32642f?w=500","Enjoy fresh Farm Fresh Rich Dark Roast Coffee #832. High quality grocery product delivered directly to your doorstep by Vrindavan Mart."
"Premium Crispy Salted Potato Chips #833","snacks",55,66,"90 g",132,"https://images.unsplash.com/photo-1566478989037-eec170784d0b?w=500","Enjoy fresh Premium Crispy Salted Potato Chips #833. High quality grocery product delivered directly to your doorstep by Vrindavan Mart."
"Premium Chakki Fresh Whole Wheat Atta #834","staples-grains",265,318,"5 kg",133,"https://images.unsplash.com/photo-1509440159596-0249088772ff?w=500","Enjoy fresh Premium Chakki Fresh Whole Wheat Atta #834. High quality grocery product delivered directly to your doorstep by Vrindavan Mart."
"Fresh New Crop Potatoes #835","fruits-vegetables",69,83,"1 kg",134,"https://images.unsplash.com/photo-1518977676601-b53f82aba655?w=500","Enjoy fresh Fresh New Crop Potatoes #835. High quality grocery product delivered directly to your doorstep by Vrindavan Mart."
"Super Saver Farm Fresh White Eggs #836","dairy-eggs",92,110,"6 pcs",135,"https://images.unsplash.com/photo-1582722872445-44dc5f7e3c8f?w=500","Enjoy fresh Super Saver Farm Fresh White Eggs #836. High quality grocery product delivered directly to your doorstep by Vrindavan Mart."
"Organic 100% Whole Wheat Bread #837","bakery",100,120,"400 g",136,"https://images.unsplash.com/photo-1509440159596-0249088772ff?w=500","Enjoy fresh Organic 100% Whole Wheat Bread #837. High quality grocery product delivered directly to your doorstep by Vrindavan Mart."
"Organic Classic Green Tea Bags #838","beverages",235,282,"25 bags",137,"https://images.unsplash.com/photo-1627435601361-ec25f5b1d0e5?w=500","Enjoy fresh Organic Classic Green Tea Bags #838. High quality grocery product delivered directly to your doorstep by Vrindavan Mart."
"Organic Butter Choco Chip Cookies #839","snacks",115,138,"150 g",138,"https://images.unsplash.com/photo-1499636136210-6f4ee915583e?w=500","Enjoy fresh Organic Butter Choco Chip Cookies #839. High quality grocery product delivered directly to your doorstep by Vrindavan Mart."
"Organic Refined Sunflower Oil Pouch #840","staples-grains",205,246,"1 L",139,"https://images.unsplash.com/photo-1474979266404-7eaacbcd87c5?w=500","Enjoy fresh Organic Refined Sunflower Oil Pouch #840. High quality grocery product delivered directly to your doorstep by Vrindavan Mart."
"Special Fresh Organic Tomatoes #841","fruits-vegetables",35,42,"1 kg",140,"https://images.unsplash.com/photo-1592924357228-91a4daadcfea?w=500","Enjoy fresh Special Fresh Organic Tomatoes #841. High quality grocery product delivered directly to your doorstep by Vrindavan Mart."
"Gold Farm Fresh White Eggs #842","dairy-eggs",47,56,"6 pcs",141,"https://images.unsplash.com/photo-1582722872445-44dc5f7e3c8f?w=500","Enjoy fresh Gold Farm Fresh White Eggs #842. High quality grocery product delivered directly to your doorstep by Vrindavan Mart."
"Select Double Choco Chip Muffin #843","bakery",120,144,"4 pcs",142,"https://images.unsplash.com/photo-1607958996333-41aef7caefaa?w=500","Enjoy fresh Select Double Choco Chip Muffin #843. High quality grocery product delivered directly to your doorstep by Vrindavan Mart."
"Select Rich Dark Roast Coffee #844","beverages",255,306,"200 g",143,"https://images.unsplash.com/photo-1610889556528-9a770e32642f?w=500","Enjoy fresh Select Rich Dark Roast Coffee #844. High quality grocery product delivered directly to your doorstep by Vrindavan Mart."
"Fresh Crispy Salted Potato Chips #845","snacks",40,48,"90 g",144,"https://images.unsplash.com/photo-1566478989037-eec170784d0b?w=500","Enjoy fresh Fresh Crispy Salted Potato Chips #845. High quality grocery product delivered directly to your doorstep by Vrindavan Mart."
"Fresh Chakki Fresh Whole Wheat Atta #846","staples-grains",250,300,"5 kg",145,"https://images.unsplash.com/photo-1509440159596-0249088772ff?w=500","Enjoy fresh Fresh Chakki Fresh Whole Wheat Atta #846. High quality grocery product delivered directly to your doorstep by Vrindavan Mart."
"Special Fresh Spinach Bunch #847","fruits-vegetables",50,60,"250 g",146,"https://images.unsplash.com/photo-1576045057995-568f588f82fb?w=500","Enjoy fresh Special Fresh Spinach Bunch #847. High quality grocery product delivered directly to your doorstep by Vrindavan Mart."
"Chef Edition Farm Fresh White Eggs #848","dairy-eggs",77,92,"6 pcs",147,"https://images.unsplash.com/photo-1582722872445-44dc5f7e3c8f?w=500","Enjoy fresh Chef Edition Farm Fresh White Eggs #848. High quality grocery product delivered directly to your doorstep by Vrindavan Mart."
"Special 100% Whole Wheat Bread #849","bakery",85,102,"400 g",148,"https://images.unsplash.com/photo-1509440159596-0249088772ff?w=500","Enjoy fresh Special 100% Whole Wheat Bread #849. High quality grocery product delivered directly to your doorstep by Vrindavan Mart."
"Special Classic Green Tea Bags #850","beverages",220,264,"25 bags",149,"https://images.unsplash.com/photo-1627435601361-ec25f5b1d0e5?w=500","Enjoy fresh Special Classic Green Tea Bags #850. High quality grocery product delivered directly to your doorstep by Vrindavan Mart."
"Special Butter Choco Chip Cookies #851","snacks",100,120,"150 g",150,"https://images.unsplash.com/photo-1499636136210-6f4ee915583e?w=500","Enjoy fresh Special Butter Choco Chip Cookies #851. High quality grocery product delivered directly to your doorstep by Vrindavan Mart."
"Special Refined Sunflower Oil Pouch #852","staples-grains",190,228,"1 L",151,"https://images.unsplash.com/photo-1474979266404-7eaacbcd87c5?w=500","Enjoy fresh Special Refined Sunflower Oil Pouch #852. High quality grocery product delivered directly to your doorstep by Vrindavan Mart."
"Deluxe Crisp Shimla Apples #853","fruits-vegetables",220,264,"1 kg",152,"https://images.unsplash.com/photo-1560806887-1e4cd0b6cbd6?w=500","Enjoy fresh Deluxe Crisp Shimla Apples #853. High quality grocery product delivered directly to your doorstep by Vrindavan Mart."
"Local Sourced Farm Fresh White Eggs #854","dairy-eggs",107,128,"6 pcs",153,"https://images.unsplash.com/photo-1582722872445-44dc5f7e3c8f?w=500","Enjoy fresh Local Sourced Farm Fresh White Eggs #854. High quality grocery product delivered directly to your doorstep by Vrindavan Mart."
"Deluxe Double Choco Chip Muffin #855","bakery",180,216,"4 pcs",154,"https://images.unsplash.com/photo-1607958996333-41aef7caefaa?w=500","Enjoy fresh Deluxe Double Choco Chip Muffin #855. High quality grocery product delivered directly to your doorstep by Vrindavan Mart."
"Deluxe Rich Dark Roast Coffee #856","beverages",240,288,"200 g",155,"https://images.unsplash.com/photo-1610889556528-9a770e32642f?w=500","Enjoy fresh Deluxe Rich Dark Roast Coffee #856. High quality grocery product delivered directly to your doorstep by Vrindavan Mart."
"Classic Crispy Salted Potato Chips #857","snacks",25,30,"90 g",156,"https://images.unsplash.com/photo-1566478989037-eec170784d0b?w=500","Enjoy fresh Classic Crispy Salted Potato Chips #857. High quality grocery product delivered directly to your doorstep by Vrindavan Mart."
"Classic Chakki Fresh Whole Wheat Atta #858","staples-grains",235,282,"5 kg",157,"https://images.unsplash.com/photo-1509440159596-0249088772ff?w=500","Enjoy fresh Classic Chakki Fresh Whole Wheat Atta #858. High quality grocery product delivered directly to your doorstep by Vrindavan Mart."
"Deluxe Green Broccoli #859","fruits-vegetables",80,96,"1 pc",158,"https://images.unsplash.com/photo-1459411621453-7b03977f4bfc?w=500","Enjoy fresh Deluxe Green Broccoli #859. High quality grocery product delivered directly to your doorstep by Vrindavan Mart."
"Farm Fresh Farm Fresh White Eggs #860","dairy-eggs",62,74,"6 pcs",159,"https://images.unsplash.com/photo-1582722872445-44dc5f7e3c8f?w=500","Enjoy fresh Farm Fresh Farm Fresh White Eggs #860. High quality grocery product delivered directly to your doorstep by Vrindavan Mart."
"Handpicked 100% Whole Wheat Bread #861","bakery",70,84,"400 g",160,"https://images.unsplash.com/photo-1509440159596-0249088772ff?w=500","Enjoy fresh Handpicked 100% Whole Wheat Bread #861. High quality grocery product delivered directly to your doorstep by Vrindavan Mart."
"Handpicked Classic Green Tea Bags #862","beverages",205,246,"25 bags",161,"https://images.unsplash.com/photo-1627435601361-ec25f5b1d0e5?w=500","Enjoy fresh Handpicked Classic Green Tea Bags #862. High quality grocery product delivered directly to your doorstep by Vrindavan Mart."
"Handpicked Butter Choco Chip Cookies #863","snacks",85,102,"150 g",162,"https://images.unsplash.com/photo-1499636136210-6f4ee915583e?w=500","Enjoy fresh Handpicked Butter Choco Chip Cookies #863. High quality grocery product delivered directly to your doorstep by Vrindavan Mart."
"Handpicked Refined Sunflower Oil Pouch #864","staples-grains",175,210,"1 L",163,"https://images.unsplash.com/photo-1474979266404-7eaacbcd87c5?w=500","Enjoy fresh Handpicked Refined Sunflower Oil Pouch #864. High quality grocery product delivered directly to your doorstep by Vrindavan Mart."
"Classic New Crop Potatoes #865","fruits-vegetables",69,83,"1 kg",164,"https://images.unsplash.com/photo-1518977676601-b53f82aba655?w=500","Enjoy fresh Classic New Crop Potatoes #865. High quality grocery product delivered directly to your doorstep by Vrindavan Mart."
"Premium Farm Fresh White Eggs #866","dairy-eggs",92,110,"6 pcs",165,"https://images.unsplash.com/photo-1582722872445-44dc5f7e3c8f?w=500","Enjoy fresh Premium Farm Fresh White Eggs #866. High quality grocery product delivered directly to your doorstep by Vrindavan Mart."
"Natural Double Choco Chip Muffin #867","bakery",165,198,"4 pcs",166,"https://images.unsplash.com/photo-1607958996333-41aef7caefaa?w=500","Enjoy fresh Natural Double Choco Chip Muffin #867. High quality grocery product delivered directly to your doorstep by Vrindavan Mart."
"Natural Rich Dark Roast Coffee #868","beverages",300,360,"200 g",167,"https://images.unsplash.com/photo-1610889556528-9a770e32642f?w=500","Enjoy fresh Natural Rich Dark Roast Coffee #868. High quality grocery product delivered directly to your doorstep by Vrindavan Mart."
"Daily Crispy Salted Potato Chips #869","snacks",85,102,"90 g",168,"https://images.unsplash.com/photo-1566478989037-eec170784d0b?w=500","Enjoy fresh Daily Crispy Salted Potato Chips #869. High quality grocery product delivered directly to your doorstep by Vrindavan Mart."
"Daily Chakki Fresh Whole Wheat Atta #870","staples-grains",295,354,"5 kg",169,"https://images.unsplash.com/photo-1509440159596-0249088772ff?w=500","Enjoy fresh Daily Chakki Fresh Whole Wheat Atta #870. High quality grocery product delivered directly to your doorstep by Vrindavan Mart."
"Handpicked Fresh Organic Tomatoes #871","fruits-vegetables",35,42,"1 kg",170,"https://images.unsplash.com/photo-1592924357228-91a4daadcfea?w=500","Enjoy fresh Handpicked Fresh Organic Tomatoes #871. High quality grocery product delivered directly to your doorstep by Vrindavan Mart."
"Organic Farm Fresh White Eggs #872","dairy-eggs",47,56,"6 pcs",171,"https://images.unsplash.com/photo-1582722872445-44dc5f7e3c8f?w=500","Enjoy fresh Organic Farm Fresh White Eggs #872. High quality grocery product delivered directly to your doorstep by Vrindavan Mart."
"Value Pack 100% Whole Wheat Bread #873","bakery",55,66,"400 g",172,"https://images.unsplash.com/photo-1509440159596-0249088772ff?w=500","Enjoy fresh Value Pack 100% Whole Wheat Bread #873. High quality grocery product delivered directly to your doorstep by Vrindavan Mart."
"Value Pack Classic Green Tea Bags #874","beverages",190,228,"25 bags",173,"https://images.unsplash.com/photo-1627435601361-ec25f5b1d0e5?w=500","Enjoy fresh Value Pack Classic Green Tea Bags #874. High quality grocery product delivered directly to your doorstep by Vrindavan Mart."
"Value Pack Butter Choco Chip Cookies #875","snacks",70,84,"150 g",174,"https://images.unsplash.com/photo-1499636136210-6f4ee915583e?w=500","Enjoy fresh Value Pack Butter Choco Chip Cookies #875. High quality grocery product delivered directly to your doorstep by Vrindavan Mart."
"Value Pack Refined Sunflower Oil Pouch #876","staples-grains",160,192,"1 L",175,"https://images.unsplash.com/photo-1474979266404-7eaacbcd87c5?w=500","Enjoy fresh Value Pack Refined Sunflower Oil Pouch #876. High quality grocery product delivered directly to your doorstep by Vrindavan Mart."
"Handpicked Fresh Spinach Bunch #877","fruits-vegetables",50,60,"250 g",176,"https://images.unsplash.com/photo-1576045057995-568f588f82fb?w=500","Enjoy fresh Handpicked Fresh Spinach Bunch #877. High quality grocery product delivered directly to your doorstep by Vrindavan Mart."
"Select Farm Fresh White Eggs #878","dairy-eggs",77,92,"6 pcs",177,"https://images.unsplash.com/photo-1582722872445-44dc5f7e3c8f?w=500","Enjoy fresh Select Farm Fresh White Eggs #878. High quality grocery product delivered directly to your doorstep by Vrindavan Mart."
"Super Saver Double Choco Chip Muffin #879","bakery",150,180,"4 pcs",178,"https://images.unsplash.com/photo-1607958996333-41aef7caefaa?w=500","Enjoy fresh Super Saver Double Choco Chip Muffin #879. High quality grocery product delivered directly to your doorstep by Vrindavan Mart."
"Super Saver Rich Dark Roast Coffee #880","beverages",285,342,"200 g",179,"https://images.unsplash.com/photo-1610889556528-9a770e32642f?w=500","Enjoy fresh Super Saver Rich Dark Roast Coffee #880. High quality grocery product delivered directly to your doorstep by Vrindavan Mart."
"Gold Crispy Salted Potato Chips #881","snacks",70,84,"90 g",180,"https://images.unsplash.com/photo-1566478989037-eec170784d0b?w=500","Enjoy fresh Gold Crispy Salted Potato Chips #881. High quality grocery product delivered directly to your doorstep by Vrindavan Mart."
"Gold Chakki Fresh Whole Wheat Atta #882","staples-grains",280,336,"5 kg",181,"https://images.unsplash.com/photo-1509440159596-0249088772ff?w=500","Enjoy fresh Gold Chakki Fresh Whole Wheat Atta #882. High quality grocery product delivered directly to your doorstep by Vrindavan Mart."
"Natural Crisp Shimla Apples #883","fruits-vegetables",220,264,"1 kg",182,"https://images.unsplash.com/photo-1560806887-1e4cd0b6cbd6?w=500","Enjoy fresh Natural Crisp Shimla Apples #883. High quality grocery product delivered directly to your doorstep by Vrindavan Mart."
"Fresh Farm Fresh White Eggs #884","dairy-eggs",107,128,"6 pcs",183,"https://images.unsplash.com/photo-1582722872445-44dc5f7e3c8f?w=500","Enjoy fresh Fresh Farm Fresh White Eggs #884. High quality grocery product delivered directly to your doorstep by Vrindavan Mart."
"Chef Edition 100% Whole Wheat Bread #885","bakery",115,138,"400 g",184,"https://images.unsplash.com/photo-1509440159596-0249088772ff?w=500","Enjoy fresh Chef Edition 100% Whole Wheat Bread #885. High quality grocery product delivered directly to your doorstep by Vrindavan Mart."
"Chef Edition Classic Green Tea Bags #886","beverages",175,210,"25 bags",185,"https://images.unsplash.com/photo-1627435601361-ec25f5b1d0e5?w=500","Enjoy fresh Chef Edition Classic Green Tea Bags #886. High quality grocery product delivered directly to your doorstep by Vrindavan Mart."
"Chef Edition Butter Choco Chip Cookies #887","snacks",55,66,"150 g",186,"https://images.unsplash.com/photo-1499636136210-6f4ee915583e?w=500","Enjoy fresh Chef Edition Butter Choco Chip Cookies #887. High quality grocery product delivered directly to your doorstep by Vrindavan Mart."
"Chef Edition Refined Sunflower Oil Pouch #888","staples-grains",145,174,"1 L",187,"https://images.unsplash.com/photo-1474979266404-7eaacbcd87c5?w=500","Enjoy fresh Chef Edition Refined Sunflower Oil Pouch #888. High quality grocery product delivered directly to your doorstep by Vrindavan Mart."
"Natural Green Broccoli #889","fruits-vegetables",80,96,"1 pc",188,"https://images.unsplash.com/photo-1459411621453-7b03977f4bfc?w=500","Enjoy fresh Natural Green Broccoli #889. High quality grocery product delivered directly to your doorstep by Vrindavan Mart."
"Special Farm Fresh White Eggs #890","dairy-eggs",62,74,"6 pcs",189,"https://images.unsplash.com/photo-1582722872445-44dc5f7e3c8f?w=500","Enjoy fresh Special Farm Fresh White Eggs #890. High quality grocery product delivered directly to your doorstep by Vrindavan Mart."
"Local Sourced Double Choco Chip Muffin #891","bakery",135,162,"4 pcs",190,"https://images.unsplash.com/photo-1607958996333-41aef7caefaa?w=500","Enjoy fresh Local Sourced Double Choco Chip Muffin #891. High quality grocery product delivered directly to your doorstep by Vrindavan Mart."
"Local Sourced Rich Dark Roast Coffee #892","beverages",270,324,"200 g",191,"https://images.unsplash.com/photo-1610889556528-9a770e32642f?w=500","Enjoy fresh Local Sourced Rich Dark Roast Coffee #892. High quality grocery product delivered directly to your doorstep by Vrindavan Mart."
"Farm Fresh Crispy Salted Potato Chips #893","snacks",55,66,"90 g",192,"https://images.unsplash.com/photo-1566478989037-eec170784d0b?w=500","Enjoy fresh Farm Fresh Crispy Salted Potato Chips #893. High quality grocery product delivered directly to your doorstep by Vrindavan Mart."
"Farm Fresh Chakki Fresh Whole Wheat Atta #894","staples-grains",265,318,"5 kg",193,"https://images.unsplash.com/photo-1509440159596-0249088772ff?w=500","Enjoy fresh Farm Fresh Chakki Fresh Whole Wheat Atta #894. High quality grocery product delivered directly to your doorstep by Vrindavan Mart."
"Daily New Crop Potatoes #895","fruits-vegetables",69,83,"1 kg",194,"https://images.unsplash.com/photo-1518977676601-b53f82aba655?w=500","Enjoy fresh Daily New Crop Potatoes #895. High quality grocery product delivered directly to your doorstep by Vrindavan Mart."
"Deluxe Farm Fresh White Eggs #896","dairy-eggs",92,110,"6 pcs",195,"https://images.unsplash.com/photo-1582722872445-44dc5f7e3c8f?w=500","Enjoy fresh Deluxe Farm Fresh White Eggs #896. High quality grocery product delivered directly to your doorstep by Vrindavan Mart."
"Premium 100% Whole Wheat Bread #897","bakery",100,120,"400 g",196,"https://images.unsplash.com/photo-1509440159596-0249088772ff?w=500","Enjoy fresh Premium 100% Whole Wheat Bread #897. High quality grocery product delivered directly to your doorstep by Vrindavan Mart."
"Premium Classic Green Tea Bags #898","beverages",235,282,"25 bags",197,"https://images.unsplash.com/photo-1627435601361-ec25f5b1d0e5?w=500","Enjoy fresh Premium Classic Green Tea Bags #898. High quality grocery product delivered directly to your doorstep by Vrindavan Mart."
"Premium Butter Choco Chip Cookies #899","snacks",115,138,"150 g",198,"https://images.unsplash.com/photo-1499636136210-6f4ee915583e?w=500","Enjoy fresh Premium Butter Choco Chip Cookies #899. High quality grocery product delivered directly to your doorstep by Vrindavan Mart."
"Premium Refined Sunflower Oil Pouch #900","staples-grains",205,246,"1 L",199,"https://images.unsplash.com/photo-1474979266404-7eaacbcd87c5?w=500","Enjoy fresh Premium Refined Sunflower Oil Pouch #900. High quality grocery product delivered directly to your doorstep by Vrindavan Mart."
"Value Pack Fresh Organic Tomatoes #901","fruits-vegetables",35,42,"1 kg",50,"https://images.unsplash.com/photo-1592924357228-91a4daadcfea?w=500","Enjoy fresh Value Pack Fresh Organic Tomatoes #901. High quality grocery product delivered directly to your doorstep by Vrindavan Mart."
"Classic Farm Fresh White Eggs #902","dairy-eggs",47,56,"6 pcs",51,"https://images.unsplash.com/photo-1582722872445-44dc5f7e3c8f?w=500","Enjoy fresh Classic Farm Fresh White Eggs #902. High quality grocery product delivered directly to your doorstep by Vrindavan Mart."
"Organic Double Choco Chip Muffin #903","bakery",120,144,"4 pcs",52,"https://images.unsplash.com/photo-1607958996333-41aef7caefaa?w=500","Enjoy fresh Organic Double Choco Chip Muffin #903. High quality grocery product delivered directly to your doorstep by Vrindavan Mart."
"Organic Rich Dark Roast Coffee #904","beverages",255,306,"200 g",53,"https://images.unsplash.com/photo-1610889556528-9a770e32642f?w=500","Enjoy fresh Organic Rich Dark Roast Coffee #904. High quality grocery product delivered directly to your doorstep by Vrindavan Mart."
"Select Crispy Salted Potato Chips #905","snacks",40,48,"90 g",54,"https://images.unsplash.com/photo-1566478989037-eec170784d0b?w=500","Enjoy fresh Select Crispy Salted Potato Chips #905. High quality grocery product delivered directly to your doorstep by Vrindavan Mart."
"Select Chakki Fresh Whole Wheat Atta #906","staples-grains",250,300,"5 kg",55,"https://images.unsplash.com/photo-1509440159596-0249088772ff?w=500","Enjoy fresh Select Chakki Fresh Whole Wheat Atta #906. High quality grocery product delivered directly to your doorstep by Vrindavan Mart."
"Value Pack Fresh Spinach Bunch #907","fruits-vegetables",50,60,"250 g",56,"https://images.unsplash.com/photo-1576045057995-568f588f82fb?w=500","Enjoy fresh Value Pack Fresh Spinach Bunch #907. High quality grocery product delivered directly to your doorstep by Vrindavan Mart."
"Handpicked Farm Fresh White Eggs #908","dairy-eggs",77,92,"6 pcs",57,"https://images.unsplash.com/photo-1582722872445-44dc5f7e3c8f?w=500","Enjoy fresh Handpicked Farm Fresh White Eggs #908. High quality grocery product delivered directly to your doorstep by Vrindavan Mart."
"Fresh 100% Whole Wheat Bread #909","bakery",85,102,"400 g",58,"https://images.unsplash.com/photo-1509440159596-0249088772ff?w=500","Enjoy fresh Fresh 100% Whole Wheat Bread #909. High quality grocery product delivered directly to your doorstep by Vrindavan Mart."
"Fresh Classic Green Tea Bags #910","beverages",220,264,"25 bags",59,"https://images.unsplash.com/photo-1627435601361-ec25f5b1d0e5?w=500","Enjoy fresh Fresh Classic Green Tea Bags #910. High quality grocery product delivered directly to your doorstep by Vrindavan Mart."
"Fresh Butter Choco Chip Cookies #911","snacks",100,120,"150 g",60,"https://images.unsplash.com/photo-1499636136210-6f4ee915583e?w=500","Enjoy fresh Fresh Butter Choco Chip Cookies #911. High quality grocery product delivered directly to your doorstep by Vrindavan Mart."
"Fresh Refined Sunflower Oil Pouch #912","staples-grains",190,228,"1 L",61,"https://images.unsplash.com/photo-1474979266404-7eaacbcd87c5?w=500","Enjoy fresh Fresh Refined Sunflower Oil Pouch #912. High quality grocery product delivered directly to your doorstep by Vrindavan Mart."
"Super Saver Crisp Shimla Apples #913","fruits-vegetables",220,264,"1 kg",62,"https://images.unsplash.com/photo-1560806887-1e4cd0b6cbd6?w=500","Enjoy fresh Super Saver Crisp Shimla Apples #913. High quality grocery product delivered directly to your doorstep by Vrindavan Mart."
"Natural Farm Fresh White Eggs #914","dairy-eggs",107,128,"6 pcs",63,"https://images.unsplash.com/photo-1582722872445-44dc5f7e3c8f?w=500","Enjoy fresh Natural Farm Fresh White Eggs #914. High quality grocery product delivered directly to your doorstep by Vrindavan Mart."
"Special Double Choco Chip Muffin #915","bakery",180,216,"4 pcs",64,"https://images.unsplash.com/photo-1607958996333-41aef7caefaa?w=500","Enjoy fresh Special Double Choco Chip Muffin #915. High quality grocery product delivered directly to your doorstep by Vrindavan Mart."
"Special Rich Dark Roast Coffee #916","beverages",240,288,"200 g",65,"https://images.unsplash.com/photo-1610889556528-9a770e32642f?w=500","Enjoy fresh Special Rich Dark Roast Coffee #916. High quality grocery product delivered directly to your doorstep by Vrindavan Mart."
"Deluxe Crispy Salted Potato Chips #917","snacks",25,30,"90 g",66,"https://images.unsplash.com/photo-1566478989037-eec170784d0b?w=500","Enjoy fresh Deluxe Crispy Salted Potato Chips #917. High quality grocery product delivered directly to your doorstep by Vrindavan Mart."
"Deluxe Chakki Fresh Whole Wheat Atta #918","staples-grains",235,282,"5 kg",67,"https://images.unsplash.com/photo-1509440159596-0249088772ff?w=500","Enjoy fresh Deluxe Chakki Fresh Whole Wheat Atta #918. High quality grocery product delivered directly to your doorstep by Vrindavan Mart."
"Super Saver Green Broccoli #919","fruits-vegetables",80,96,"1 pc",68,"https://images.unsplash.com/photo-1459411621453-7b03977f4bfc?w=500","Enjoy fresh Super Saver Green Broccoli #919. High quality grocery product delivered directly to your doorstep by Vrindavan Mart."
"Daily Farm Fresh White Eggs #920","dairy-eggs",62,74,"6 pcs",69,"https://images.unsplash.com/photo-1582722872445-44dc5f7e3c8f?w=500","Enjoy fresh Daily Farm Fresh White Eggs #920. High quality grocery product delivered directly to your doorstep by Vrindavan Mart."
"Classic 100% Whole Wheat Bread #921","bakery",70,84,"400 g",70,"https://images.unsplash.com/photo-1509440159596-0249088772ff?w=500","Enjoy fresh Classic 100% Whole Wheat Bread #921. High quality grocery product delivered directly to your doorstep by Vrindavan Mart."
"Classic Classic Green Tea Bags #922","beverages",205,246,"25 bags",71,"https://images.unsplash.com/photo-1627435601361-ec25f5b1d0e5?w=500","Enjoy fresh Classic Classic Green Tea Bags #922. High quality grocery product delivered directly to your doorstep by Vrindavan Mart."
"Classic Butter Choco Chip Cookies #923","snacks",85,102,"150 g",72,"https://images.unsplash.com/photo-1499636136210-6f4ee915583e?w=500","Enjoy fresh Classic Butter Choco Chip Cookies #923. High quality grocery product delivered directly to your doorstep by Vrindavan Mart."
"Classic Refined Sunflower Oil Pouch #924","staples-grains",175,210,"1 L",73,"https://images.unsplash.com/photo-1474979266404-7eaacbcd87c5?w=500","Enjoy fresh Classic Refined Sunflower Oil Pouch #924. High quality grocery product delivered directly to your doorstep by Vrindavan Mart."
"Gold New Crop Potatoes #925","fruits-vegetables",69,83,"1 kg",74,"https://images.unsplash.com/photo-1518977676601-b53f82aba655?w=500","Enjoy fresh Gold New Crop Potatoes #925. High quality grocery product delivered directly to your doorstep by Vrindavan Mart."
"Value Pack Farm Fresh White Eggs #926","dairy-eggs",92,110,"6 pcs",75,"https://images.unsplash.com/photo-1582722872445-44dc5f7e3c8f?w=500","Enjoy fresh Value Pack Farm Fresh White Eggs #926. High quality grocery product delivered directly to your doorstep by Vrindavan Mart."
"Handpicked Double Choco Chip Muffin #927","bakery",165,198,"4 pcs",76,"https://images.unsplash.com/photo-1607958996333-41aef7caefaa?w=500","Enjoy fresh Handpicked Double Choco Chip Muffin #927. High quality grocery product delivered directly to your doorstep by Vrindavan Mart."
"Handpicked Rich Dark Roast Coffee #928","beverages",300,360,"200 g",77,"https://images.unsplash.com/photo-1610889556528-9a770e32642f?w=500","Enjoy fresh Handpicked Rich Dark Roast Coffee #928. High quality grocery product delivered directly to your doorstep by Vrindavan Mart."
"Natural Crispy Salted Potato Chips #929","snacks",85,102,"90 g",78,"https://images.unsplash.com/photo-1566478989037-eec170784d0b?w=500","Enjoy fresh Natural Crispy Salted Potato Chips #929. High quality grocery product delivered directly to your doorstep by Vrindavan Mart."
"Natural Chakki Fresh Whole Wheat Atta #930","staples-grains",295,354,"5 kg",79,"https://images.unsplash.com/photo-1509440159596-0249088772ff?w=500","Enjoy fresh Natural Chakki Fresh Whole Wheat Atta #930. High quality grocery product delivered directly to your doorstep by Vrindavan Mart."
"Chef Edition Fresh Organic Tomatoes #931","fruits-vegetables",35,42,"1 kg",80,"https://images.unsplash.com/photo-1592924357228-91a4daadcfea?w=500","Enjoy fresh Chef Edition Fresh Organic Tomatoes #931. High quality grocery product delivered directly to your doorstep by Vrindavan Mart."
"Super Saver Farm Fresh White Eggs #932","dairy-eggs",47,56,"6 pcs",81,"https://images.unsplash.com/photo-1582722872445-44dc5f7e3c8f?w=500","Enjoy fresh Super Saver Farm Fresh White Eggs #932. High quality grocery product delivered directly to your doorstep by Vrindavan Mart."
"Daily 100% Whole Wheat Bread #933","bakery",55,66,"400 g",82,"https://images.unsplash.com/photo-1509440159596-0249088772ff?w=500","Enjoy fresh Daily 100% Whole Wheat Bread #933. High quality grocery product delivered directly to your doorstep by Vrindavan Mart."
"Daily Classic Green Tea Bags #934","beverages",190,228,"25 bags",83,"https://images.unsplash.com/photo-1627435601361-ec25f5b1d0e5?w=500","Enjoy fresh Daily Classic Green Tea Bags #934. High quality grocery product delivered directly to your doorstep by Vrindavan Mart."
"Daily Butter Choco Chip Cookies #935","snacks",70,84,"150 g",84,"https://images.unsplash.com/photo-1499636136210-6f4ee915583e?w=500","Enjoy fresh Daily Butter Choco Chip Cookies #935. High quality grocery product delivered directly to your doorstep by Vrindavan Mart."
"Daily Refined Sunflower Oil Pouch #936","staples-grains",160,192,"1 L",85,"https://images.unsplash.com/photo-1474979266404-7eaacbcd87c5?w=500","Enjoy fresh Daily Refined Sunflower Oil Pouch #936. High quality grocery product delivered directly to your doorstep by Vrindavan Mart."
"Chef Edition Fresh Spinach Bunch #937","fruits-vegetables",50,60,"250 g",86,"https://images.unsplash.com/photo-1576045057995-568f588f82fb?w=500","Enjoy fresh Chef Edition Fresh Spinach Bunch #937. High quality grocery product delivered directly to your doorstep by Vrindavan Mart."
"Gold Farm Fresh White Eggs #938","dairy-eggs",77,92,"6 pcs",87,"https://images.unsplash.com/photo-1582722872445-44dc5f7e3c8f?w=500","Enjoy fresh Gold Farm Fresh White Eggs #938. High quality grocery product delivered directly to your doorstep by Vrindavan Mart."
"Value Pack Double Choco Chip Muffin #939","bakery",150,180,"4 pcs",88,"https://images.unsplash.com/photo-1607958996333-41aef7caefaa?w=500","Enjoy fresh Value Pack Double Choco Chip Muffin #939. High quality grocery product delivered directly to your doorstep by Vrindavan Mart."
"Value Pack Rich Dark Roast Coffee #940","beverages",285,342,"200 g",89,"https://images.unsplash.com/photo-1610889556528-9a770e32642f?w=500","Enjoy fresh Value Pack Rich Dark Roast Coffee #940. High quality grocery product delivered directly to your doorstep by Vrindavan Mart."
"Super Saver Crispy Salted Potato Chips #941","snacks",70,84,"90 g",90,"https://images.unsplash.com/photo-1566478989037-eec170784d0b?w=500","Enjoy fresh Super Saver Crispy Salted Potato Chips #941. High quality grocery product delivered directly to your doorstep by Vrindavan Mart."
"Super Saver Chakki Fresh Whole Wheat Atta #942","staples-grains",280,336,"5 kg",91,"https://images.unsplash.com/photo-1509440159596-0249088772ff?w=500","Enjoy fresh Super Saver Chakki Fresh Whole Wheat Atta #942. High quality grocery product delivered directly to your doorstep by Vrindavan Mart."
"Local Sourced Crisp Shimla Apples #943","fruits-vegetables",220,264,"1 kg",92,"https://images.unsplash.com/photo-1560806887-1e4cd0b6cbd6?w=500","Enjoy fresh Local Sourced Crisp Shimla Apples #943. High quality grocery product delivered directly to your doorstep by Vrindavan Mart."
"Chef Edition Farm Fresh White Eggs #944","dairy-eggs",107,128,"6 pcs",93,"https://images.unsplash.com/photo-1582722872445-44dc5f7e3c8f?w=500","Enjoy fresh Chef Edition Farm Fresh White Eggs #944. High quality grocery product delivered directly to your doorstep by Vrindavan Mart."
"Gold 100% Whole Wheat Bread #945","bakery",115,138,"400 g",94,"https://images.unsplash.com/photo-1509440159596-0249088772ff?w=500","Enjoy fresh Gold 100% Whole Wheat Bread #945. High quality grocery product delivered directly to your doorstep by Vrindavan Mart."
"Gold Classic Green Tea Bags #946","beverages",175,210,"25 bags",95,"https://images.unsplash.com/photo-1627435601361-ec25f5b1d0e5?w=500","Enjoy fresh Gold Classic Green Tea Bags #946. High quality grocery product delivered directly to your doorstep by Vrindavan Mart."
"Gold Butter Choco Chip Cookies #947","snacks",55,66,"150 g",96,"https://images.unsplash.com/photo-1499636136210-6f4ee915583e?w=500","Enjoy fresh Gold Butter Choco Chip Cookies #947. High quality grocery product delivered directly to your doorstep by Vrindavan Mart."
"Gold Refined Sunflower Oil Pouch #948","staples-grains",145,174,"1 L",97,"https://images.unsplash.com/photo-1474979266404-7eaacbcd87c5?w=500","Enjoy fresh Gold Refined Sunflower Oil Pouch #948. High quality grocery product delivered directly to your doorstep by Vrindavan Mart."
"Local Sourced Green Broccoli #949","fruits-vegetables",80,96,"1 pc",98,"https://images.unsplash.com/photo-1459411621453-7b03977f4bfc?w=500","Enjoy fresh Local Sourced Green Broccoli #949. High quality grocery product delivered directly to your doorstep by Vrindavan Mart."
"Local Sourced Farm Fresh White Eggs #950","dairy-eggs",62,74,"6 pcs",99,"https://images.unsplash.com/photo-1582722872445-44dc5f7e3c8f?w=500","Enjoy fresh Local Sourced Farm Fresh White Eggs #950. High quality grocery product delivered directly to your doorstep by Vrindavan Mart."
"Chef Edition Double Choco Chip Muffin #951","bakery",135,162,"4 pcs",100,"https://images.unsplash.com/photo-1607958996333-41aef7caefaa?w=500","Enjoy fresh Chef Edition Double Choco Chip Muffin #951. High quality grocery product delivered directly to your doorstep by Vrindavan Mart."
"Chef Edition Rich Dark Roast Coffee #952","beverages",270,324,"200 g",101,"https://images.unsplash.com/photo-1610889556528-9a770e32642f?w=500","Enjoy fresh Chef Edition Rich Dark Roast Coffee #952. High quality grocery product delivered directly to your doorstep by Vrindavan Mart."
"Local Sourced Crispy Salted Potato Chips #953","snacks",55,66,"90 g",102,"https://images.unsplash.com/photo-1566478989037-eec170784d0b?w=500","Enjoy fresh Local Sourced Crispy Salted Potato Chips #953. High quality grocery product delivered directly to your doorstep by Vrindavan Mart."
"Local Sourced Chakki Fresh Whole Wheat Atta #954","staples-grains",265,318,"5 kg",103,"https://images.unsplash.com/photo-1509440159596-0249088772ff?w=500","Enjoy fresh Local Sourced Chakki Fresh Whole Wheat Atta #954. High quality grocery product delivered directly to your doorstep by Vrindavan Mart."
"Farm Fresh New Crop Potatoes #955","fruits-vegetables",69,83,"1 kg",104,"https://images.unsplash.com/photo-1518977676601-b53f82aba655?w=500","Enjoy fresh Farm Fresh New Crop Potatoes #955. High quality grocery product delivered directly to your doorstep by Vrindavan Mart."
"Farm Fresh Farm Fresh White Eggs #956","dairy-eggs",92,110,"6 pcs",105,"https://images.unsplash.com/photo-1582722872445-44dc5f7e3c8f?w=500","Enjoy fresh Farm Fresh Farm Fresh White Eggs #956. High quality grocery product delivered directly to your doorstep by Vrindavan Mart."
"Farm Fresh 100% Whole Wheat Bread #957","bakery",100,120,"400 g",106,"https://images.unsplash.com/photo-1509440159596-0249088772ff?w=500","Enjoy fresh Farm Fresh 100% Whole Wheat Bread #957. High quality grocery product delivered directly to your doorstep by Vrindavan Mart."
"Farm Fresh Classic Green Tea Bags #958","beverages",235,282,"25 bags",107,"https://images.unsplash.com/photo-1627435601361-ec25f5b1d0e5?w=500","Enjoy fresh Farm Fresh Classic Green Tea Bags #958. High quality grocery product delivered directly to your doorstep by Vrindavan Mart."
"Farm Fresh Butter Choco Chip Cookies #959","snacks",115,138,"150 g",108,"https://images.unsplash.com/photo-1499636136210-6f4ee915583e?w=500","Enjoy fresh Farm Fresh Butter Choco Chip Cookies #959. High quality grocery product delivered directly to your doorstep by Vrindavan Mart."
"Farm Fresh Refined Sunflower Oil Pouch #960","staples-grains",205,246,"1 L",109,"https://images.unsplash.com/photo-1474979266404-7eaacbcd87c5?w=500","Enjoy fresh Farm Fresh Refined Sunflower Oil Pouch #960. High quality grocery product delivered directly to your doorstep by Vrindavan Mart."
"Premium Fresh Organic Tomatoes #961","fruits-vegetables",35,42,"1 kg",110,"https://images.unsplash.com/photo-1592924357228-91a4daadcfea?w=500","Enjoy fresh Premium Fresh Organic Tomatoes #961. High quality grocery product delivered directly to your doorstep by Vrindavan Mart."
"Premium Farm Fresh White Eggs #962","dairy-eggs",47,56,"6 pcs",111,"https://images.unsplash.com/photo-1582722872445-44dc5f7e3c8f?w=500","Enjoy fresh Premium Farm Fresh White Eggs #962. High quality grocery product delivered directly to your doorstep by Vrindavan Mart."
"Premium Double Choco Chip Muffin #963","bakery",120,144,"4 pcs",112,"https://images.unsplash.com/photo-1607958996333-41aef7caefaa?w=500","Enjoy fresh Premium Double Choco Chip Muffin #963. High quality grocery product delivered directly to your doorstep by Vrindavan Mart."
"Premium Rich Dark Roast Coffee #964","beverages",255,306,"200 g",113,"https://images.unsplash.com/photo-1610889556528-9a770e32642f?w=500","Enjoy fresh Premium Rich Dark Roast Coffee #964. High quality grocery product delivered directly to your doorstep by Vrindavan Mart."
"Organic Crispy Salted Potato Chips #965","snacks",40,48,"90 g",114,"https://images.unsplash.com/photo-1566478989037-eec170784d0b?w=500","Enjoy fresh Organic Crispy Salted Potato Chips #965. High quality grocery product delivered directly to your doorstep by Vrindavan Mart."
"Organic Chakki Fresh Whole Wheat Atta #966","staples-grains",250,300,"5 kg",115,"https://images.unsplash.com/photo-1509440159596-0249088772ff?w=500","Enjoy fresh Organic Chakki Fresh Whole Wheat Atta #966. High quality grocery product delivered directly to your doorstep by Vrindavan Mart."
"Premium Fresh Spinach Bunch #967","fruits-vegetables",50,60,"250 g",116,"https://images.unsplash.com/photo-1576045057995-568f588f82fb?w=500","Enjoy fresh Premium Fresh Spinach Bunch #967. High quality grocery product delivered directly to your doorstep by Vrindavan Mart."
"Organic Farm Fresh White Eggs #968","dairy-eggs",77,92,"6 pcs",117,"https://images.unsplash.com/photo-1582722872445-44dc5f7e3c8f?w=500","Enjoy fresh Organic Farm Fresh White Eggs #968. High quality grocery product delivered directly to your doorstep by Vrindavan Mart."
"Select 100% Whole Wheat Bread #969","bakery",85,102,"400 g",118,"https://images.unsplash.com/photo-1509440159596-0249088772ff?w=500","Enjoy fresh Select 100% Whole Wheat Bread #969. High quality grocery product delivered directly to your doorstep by Vrindavan Mart."
"Select Classic Green Tea Bags #970","beverages",220,264,"25 bags",119,"https://images.unsplash.com/photo-1627435601361-ec25f5b1d0e5?w=500","Enjoy fresh Select Classic Green Tea Bags #970. High quality grocery product delivered directly to your doorstep by Vrindavan Mart."
"Select Butter Choco Chip Cookies #971","snacks",100,120,"150 g",120,"https://images.unsplash.com/photo-1499636136210-6f4ee915583e?w=500","Enjoy fresh Select Butter Choco Chip Cookies #971. High quality grocery product delivered directly to your doorstep by Vrindavan Mart."
"Select Refined Sunflower Oil Pouch #972","staples-grains",190,228,"1 L",121,"https://images.unsplash.com/photo-1474979266404-7eaacbcd87c5?w=500","Enjoy fresh Select Refined Sunflower Oil Pouch #972. High quality grocery product delivered directly to your doorstep by Vrindavan Mart."
"Organic Crisp Shimla Apples #973","fruits-vegetables",220,264,"1 kg",122,"https://images.unsplash.com/photo-1560806887-1e4cd0b6cbd6?w=500","Enjoy fresh Organic Crisp Shimla Apples #973. High quality grocery product delivered directly to your doorstep by Vrindavan Mart."
"Select Farm Fresh White Eggs #974","dairy-eggs",107,128,"6 pcs",123,"https://images.unsplash.com/photo-1582722872445-44dc5f7e3c8f?w=500","Enjoy fresh Select Farm Fresh White Eggs #974. High quality grocery product delivered directly to your doorstep by Vrindavan Mart."
"Fresh Double Choco Chip Muffin #975","bakery",180,216,"4 pcs",124,"https://images.unsplash.com/photo-1607958996333-41aef7caefaa?w=500","Enjoy fresh Fresh Double Choco Chip Muffin #975. High quality grocery product delivered directly to your doorstep by Vrindavan Mart."
"Fresh Rich Dark Roast Coffee #976","beverages",240,288,"200 g",125,"https://images.unsplash.com/photo-1610889556528-9a770e32642f?w=500","Enjoy fresh Fresh Rich Dark Roast Coffee #976. High quality grocery product delivered directly to your doorstep by Vrindavan Mart."
"Special Crispy Salted Potato Chips #977","snacks",25,30,"90 g",126,"https://images.unsplash.com/photo-1566478989037-eec170784d0b?w=500","Enjoy fresh Special Crispy Salted Potato Chips #977. High quality grocery product delivered directly to your doorstep by Vrindavan Mart."
"Special Chakki Fresh Whole Wheat Atta #978","staples-grains",235,282,"5 kg",127,"https://images.unsplash.com/photo-1509440159596-0249088772ff?w=500","Enjoy fresh Special Chakki Fresh Whole Wheat Atta #978. High quality grocery product delivered directly to your doorstep by Vrindavan Mart."
"Organic Green Broccoli #979","fruits-vegetables",80,96,"1 pc",128,"https://images.unsplash.com/photo-1459411621453-7b03977f4bfc?w=500","Enjoy fresh Organic Green Broccoli #979. High quality grocery product delivered directly to your doorstep by Vrindavan Mart."
"Fresh Farm Fresh White Eggs #980","dairy-eggs",62,74,"6 pcs",129,"https://images.unsplash.com/photo-1582722872445-44dc5f7e3c8f?w=500","Enjoy fresh Fresh Farm Fresh White Eggs #980. High quality grocery product delivered directly to your doorstep by Vrindavan Mart."
"Deluxe 100% Whole Wheat Bread #981","bakery",70,84,"400 g",130,"https://images.unsplash.com/photo-1509440159596-0249088772ff?w=500","Enjoy fresh Deluxe 100% Whole Wheat Bread #981. High quality grocery product delivered directly to your doorstep by Vrindavan Mart."
"Deluxe Classic Green Tea Bags #982","beverages",205,246,"25 bags",131,"https://images.unsplash.com/photo-1627435601361-ec25f5b1d0e5?w=500","Enjoy fresh Deluxe Classic Green Tea Bags #982. High quality grocery product delivered directly to your doorstep by Vrindavan Mart."
"Deluxe Butter Choco Chip Cookies #983","snacks",85,102,"150 g",132,"https://images.unsplash.com/photo-1499636136210-6f4ee915583e?w=500","Enjoy fresh Deluxe Butter Choco Chip Cookies #983. High quality grocery product delivered directly to your doorstep by Vrindavan Mart."
"Deluxe Refined Sunflower Oil Pouch #984","staples-grains",175,210,"1 L",133,"https://images.unsplash.com/photo-1474979266404-7eaacbcd87c5?w=500","Enjoy fresh Deluxe Refined Sunflower Oil Pouch #984. High quality grocery product delivered directly to your doorstep by Vrindavan Mart."
"Select New Crop Potatoes #985","fruits-vegetables",69,83,"1 kg",134,"https://images.unsplash.com/photo-1518977676601-b53f82aba655?w=500","Enjoy fresh Select New Crop Potatoes #985. High quality grocery product delivered directly to your doorstep by Vrindavan Mart."
"Special Farm Fresh White Eggs #986","dairy-eggs",92,110,"6 pcs",135,"https://images.unsplash.com/photo-1582722872445-44dc5f7e3c8f?w=500","Enjoy fresh Special Farm Fresh White Eggs #986. High quality grocery product delivered directly to your doorstep by Vrindavan Mart."
"Classic Double Choco Chip Muffin #987","bakery",165,198,"4 pcs",136,"https://images.unsplash.com/photo-1607958996333-41aef7caefaa?w=500","Enjoy fresh Classic Double Choco Chip Muffin #987. High quality grocery product delivered directly to your doorstep by Vrindavan Mart."
"Classic Rich Dark Roast Coffee #988","beverages",300,360,"200 g",137,"https://images.unsplash.com/photo-1610889556528-9a770e32642f?w=500","Enjoy fresh Classic Rich Dark Roast Coffee #988. High quality grocery product delivered directly to your doorstep by Vrindavan Mart."
"Handpicked Crispy Salted Potato Chips #989","snacks",85,102,"90 g",138,"https://images.unsplash.com/photo-1566478989037-eec170784d0b?w=500","Enjoy fresh Handpicked Crispy Salted Potato Chips #989. High quality grocery product delivered directly to your doorstep by Vrindavan Mart."
"Handpicked Chakki Fresh Whole Wheat Atta #990","staples-grains",295,354,"5 kg",139,"https://images.unsplash.com/photo-1509440159596-0249088772ff?w=500","Enjoy fresh Handpicked Chakki Fresh Whole Wheat Atta #990. High quality grocery product delivered directly to your doorstep by Vrindavan Mart."
"Fresh Fresh Organic Tomatoes #991","fruits-vegetables",35,42,"1 kg",140,"https://images.unsplash.com/photo-1592924357228-91a4daadcfea?w=500","Enjoy fresh Fresh Fresh Organic Tomatoes #991. High quality grocery product delivered directly to your doorstep by Vrindavan Mart."
"Deluxe Farm Fresh White Eggs #992","dairy-eggs",47,56,"6 pcs",141,"https://images.unsplash.com/photo-1582722872445-44dc5f7e3c8f?w=500","Enjoy fresh Deluxe Farm Fresh White Eggs #992. High quality grocery product delivered directly to your doorstep by Vrindavan Mart."
"Natural 100% Whole Wheat Bread #993","bakery",55,66,"400 g",142,"https://images.unsplash.com/photo-1509440159596-0249088772ff?w=500","Enjoy fresh Natural 100% Whole Wheat Bread #993. High quality grocery product delivered directly to your doorstep by Vrindavan Mart."
"Natural Classic Green Tea Bags #994","beverages",190,228,"25 bags",143,"https://images.unsplash.com/photo-1627435601361-ec25f5b1d0e5?w=500","Enjoy fresh Natural Classic Green Tea Bags #994. High quality grocery product delivered directly to your doorstep by Vrindavan Mart."
"Natural Butter Choco Chip Cookies #995","snacks",70,84,"150 g",144,"https://images.unsplash.com/photo-1499636136210-6f4ee915583e?w=500","Enjoy fresh Natural Butter Choco Chip Cookies #995. High quality grocery product delivered directly to your doorstep by Vrindavan Mart."
"Natural Refined Sunflower Oil Pouch #996","staples-grains",160,192,"1 L",145,"https://images.unsplash.com/photo-1474979266404-7eaacbcd87c5?w=500","Enjoy fresh Natural Refined Sunflower Oil Pouch #996. High quality grocery product delivered directly to your doorstep by Vrindavan Mart."
"Fresh Fresh Spinach Bunch #997","fruits-vegetables",50,60,"250 g",146,"https://images.unsplash.com/photo-1576045057995-568f588f82fb?w=500","Enjoy fresh Fresh Fresh Spinach Bunch #997. High quality grocery product delivered directly to your doorstep by Vrindavan Mart."
"Classic Farm Fresh White Eggs #998","dairy-eggs",77,92,"6 pcs",147,"https://images.unsplash.com/photo-1582722872445-44dc5f7e3c8f?w=500","Enjoy fresh Classic Farm Fresh White Eggs #998. High quality grocery product delivered directly to your doorstep by Vrindavan Mart."
"Daily Double Choco Chip Muffin #999","bakery",150,180,"4 pcs",148,"https://images.unsplash.com/photo-1607958996333-41aef7caefaa?w=500","Enjoy fresh Daily Double Choco Chip Muffin #999. High quality grocery product delivered directly to your doorstep by Vrindavan Mart."
"Daily Rich Dark Roast Coffee #1000","beverages",285,342,"200 g",149,"https://images.unsplash.com/photo-1610889556528-9a770e32642f?w=500","Enjoy fresh Daily Rich Dark Roast Coffee #1000. High quality grocery product delivered directly to your doorstep by Vrindavan Mart."